Workbook

Sheet ISTRUZIONI
A1: IL FILE "MAGAZZINO BCW" DEVE SEMPRE ESSERE UTILIZZATO OFFLINE TRAMITE MICROSOFT EXCEL PER POI ESSERE RICARICATO ONLINE AGGIORNATO AL TERMINE DELL'AGGIORNAMENTO. MODIFICHE ONLINE CAUSEREBBERO ERRORI DI FORMATTAZIONE CHE COMPROMETTONO L'UTILIZZO DEI FOGLI.
A2: THE ‘BCW WAREHOUSE’ FILE MUST ALWAYS BE USED OFFLINE VIA MICROSOFT EXCEL AND THEN RELOADED ONLINE AFTER THE UPDATE IS COMPLETE. ONLINE CHANGES WOULD CAUSE FORMATTING ERRORS THAT WOULD COMPROMISE THE USE OF SHEETS.
A4: FOGLIO INVENTARIO - INVENTORY SHEET
A5: IL FOGLIO "INVENTARIO" SERVE PER INSERIRE LE CATEGORIE DI PRODOTTI ASCRIVIBILI AL MAGAZZINO. QUANDO SI INERISCE UNA NUOVA CATEGORIA BISOGNA TRASCINARE ANCHE LE RELATIVE FORMULE (COLONNE "COSTO - COSTO IMBALLO - COSTO COMPLESSIVO") PER IL CALCOLO DEI TOTALI DEI BENI PRESENTI IN MAGAZZINO CHE FANNO CAPO A TALE CATEGORIA.
A6: THE ‘INVENTORY’ SHEET IS USED TO ENTER THE CATEGORIES OF PRODUCTS IN THE WAREHOUSE. WHEN YOU ENTER A NEW CATEGORY, YOU MUST ALSO DRAG AND DROP THE RELEVANT FORMULAS (COLUMNS ‘COST - PACKAGING COST - TOTAL COST’) TO CALCULATE THE TOTALS OF THE GOODS IN THE WAREHOUSE THAT BELONG TO THAT CATEGORY.
A8: FOGLIO MAGAZZINO - WAREHOUSE SHEET
A9: IL FOGLIO "MAGAZZINO" SERVE PER L'INSERIMENTO DEI SINGOLI BENI ACQUISTATO, I QUALI VANNO INSERITI SCEGLIENDO SEMPRE TRA LE TIPOLOGIE PROPOSTE CON MENU A TENDINA. L'INSERIMENTO DI UN ARMA CON NUMERO DI MATRICOLA, LA QUALE DEVE TRANSITARE DAL REGISTRO DI CARICO-SCARICO, DEVE AVVENIRE INDICANDO UN NUMERO OPERAZIONE PROGRESSIVO E IN ORDINE PER DATA DI CARICO. LA DATA DI CARICO E' LA DATA IN CUI EFFETTIVAMENTE UN ARMA ARRIVA PRESSO IL MAGAZZINO DI GARDONE VAL TROMPIA, E QUESTA DATA PUO' DIFFERIRE DALLA DATA DEL DDT E DALLA DATA DELLA FATTURA. LA DATA DI CARICO DEVE QUINDI ESSERE COMUNICATA DA CHI STA A GARDONE VAL TROMPIA A CHI INSERISCE I DATI. LA REGOLA PIU' IMPORTANTE E' QUELLA DI SEGUIRE UN NUMERO PROGRESSIVO (N. OPERAZIONE)CHE RISPETTI CRONOLOGICAMENTE LE DATE DI CARICO POICHE' IN QUESTO MODO IL REGISTRO DI CARICO SI COMPILERA' AUTOMATICAMENTE SENZA ERRORI E SENZA NECESSITA' DI MODIFICARE A MANO ALCUNA CELLA.
A10: THE ‘’WAREHOUSE‘’ SHEET IS USED FOR THE ENTRY OF INDIVIDUAL PURCHASED GOODS, WHICH MUST ALWAYS BE ENTERED BY CHOOSING FROM THE TYPES PROPOSED IN THE DROP-DOWN MENU. THE ENTRY OF A FIREARM WITH A SERIAL NUMBER, WHICH MUST PASS THROUGH THE LOADING-UNLOADING REGISTER, MUST BE MADE BY INDICATING A PROGRESSIVE OPERATION NUMBER AND IN ORDER BY LOADING DATE. THE LOADING DATE IS THE DATE ON WHICH A FIREARM ACTUALLY ARRIVES AT THE GARDONE VAL TROMPIA WAREHOUSE, AND THIS DATE MAY DIFFER FROM THE DATE OF THE DDT AND THE DATE OF THE INVOICE. THE LOADING DATE MUST THEREFORE BE COMMUNICATED BY THE PERSON IN GARDONE VAL TROMPIA TO THE PERSON ENTERING THE DATA. THE MOST IMPORTANT RULE IS TO FOLLOW A PROGRESSIVE NUMBER (OPERATION NO.) THAT CHRONOLOGICALLY RESPECTS THE LOADING DATES BECAUSE IN THIS WAY THE LOADING REGISTER WILL BE AUTOMATICALLY FILLED IN WITHOUT ERRORS AND WITHOUT THE NEED TO MODIFY ANY CELL BY HAND.
A11: NON E' UN PROBLEMA PRECARICARE A MAGAZZINO DEI BENI ACQUISTATI E NON ANCORA RICEVUTI: INFATTI E' POSSIBILE INSERIRE A MAGAZZINO QUESTI BENI E ANDARE A REGISTRARE IL "N. OPERAZIONE" E LA DATA DI CARICO SOLO IL GIORNO DI EFFETTIVA CONSEGNA; IN QUESTO MODO IL REGISTRO DI CARICO SI COMPILERA' AUTOMATICAMENTE SOLO AL MOMENTO DELL'INDICAZIONE DEL N. OPERAZIONE E DELLA DATA DI EFFETTIVO INGRESSO DEI BENI. PER MANTENERE POI UN ORDINE CRONOLOGICO ANCHE NEL FOGLIO "MAGAZZINO" SARA' POI POSSIBILE TAGLIARE LE RIGHE COSE' AGGIORNATE E INSERIRLE CONSECUTIVAMENTE NEL RISPETTO DELLA CRONOLOGIA DELLE DATE DI CARICO.
A12: IT IS NOT A PROBLEM TO PRE-LOAD IN THE WAREHOUSE GOODS PURCHASED AND NOT YET RECEIVED: IN FACT, IT IS POSSIBLE TO ENTER THESE GOODS IN THE WAREHOUSE AND GO TO RECORD THE ‘OPERATION NO.’ AND THE LOADING DATE ONLY ON THE DAY OF ACTUAL DELIVERY; IN THIS WAY, THE LOADING REGISTER WILL BE AUTOMATICALLY FILLED IN ONLY WHEN THE OPERATION NO. AND THE DATE OF ACTUAL ENTRY OF THE GOODS ARE ENTERED. IN ORDER TO MAINTAIN A CHRONOLOGICAL ORDER EVEN IN THE ‘WAREHOUSE’ SHEET, IT WILL THEN BE POSSIBLE TO CUT THE UPDATED ROWS AND ENTER THEM CONSECUTIVELY IN ACCORDANCE WITH THE CHRONOLOGY OF THE LOADING DATES.
A13: I BENI ACQUISTATI NON DOTATI DI MATRICOLA E NON CONSIDERATI COME "ARMI" (RICAMBI, ACCESSORI, ECC.) DEVONO ESSERE INSERITI CON LE STESSE REGOLE SOPRA DESCRITTE PER LE ARMI, AD ECCEZIONE PER L'INDICAZIONE DEL "N. OPERAZIONE", CAMPO CHE DEVE ESSERE LASCIATO VUOTO. IN QUESTO MODO QUESTI BENI NON TRANSITERANNO DAL FOGLIO DI CARICO E SCARICO. SI CONSIGLIA COMUNQUE DI INSERIRE LA DATA DI CARICO EFFETTIVA E DI RISPETTARE L'ORDINE CRONOLOGICO DI QUESTE, TAGLIANDO E INSERENDO LE RIGHE AL PUNTO CORRETTO.
A14: PURCHASED GOODS THAT DO NOT HAVE A SERIAL NUMBER AND ARE NOT CONSIDERED AS ‘ARMS’ (SPARE PARTS, ACCESSORIES, ETC.) MUST BE ENTERED ACCORDING TO THE SAME RULES DESCRIBED ABOVE FOR ARMS, EXCEPT FOR THE INDICATION OF THE ‘TRANSACTION NO.’, A FIELD WHICH MUST BE LEFT BLANK. IN THIS WAY THESE GOODS WILL NOT PASS THROUGH THE LOADING AND UNLOADING SHEET. HOWEVER, IT IS ADVISABLE TO ENTER THE ACTUAL LOADING DATE AND TO RESPECT THE CHRONOLOGICAL ORDER OF THESE BY CUTTING AND INSERTING THE LINES IN THE CORRECT PLACE.
... A34: IT IS ADVISABLE TO PERIODICALLY CHECK THAT THE ERROR CONTROL CELLS DO NOT RETURN ERROR WARNINGS

Sheet INVENTARIO
B1: =+MAGAZZINO!E1 | D1: =+MAGAZZINO!M1 | E1: =+MAGAZZINO!N1 | F1: =+MAGAZZINO!O1 | H1: MACROCLASSE | J1: =+D1 | K1: =+E1 | L1: =+F1
D2: =+SUMIFS(MAGAZZINO!M$2:M$100000,MAGAZZINO!$A$2:$A$100000,">0",MAGAZZINO!$E$2:$E$100000,INVENTARIO!$B2) | E2: =+SUMIFS(MAGAZZINO!N$2:N$100000,MAGAZZINO!$A$2:$A$100000,">0",MAGAZZINO!$E$2:$E$100000,INVENTARIO!$B2) | F2: =+SUMIFS(MAGAZZINO!O$2:O$100000,MAGAZZINO!$A$2:$A$100000,">0",MAGAZZINO!$E$2:$E$100000,INVENTARIO!$B2)
B3: ACCESSORI | D3: =+SUMIFS(MAGAZZINO!M$2:M$100000,MAGAZZINO!$A$2:$A$100000,">0",MAGAZZINO!$E$2:$E$100000,INVENTARIO!$B3) | E3: =+SUMIFS(MAGAZZINO!N$2:N$100000,MAGAZZINO!$A$2:$A$100000,">0",MAGAZZINO!$E$2:$E$100000,INVENTARIO!$B3) | F3: =+SUMIFS(MAGAZZINO!O$2:O$100000,MAGAZZINO!$A$2:$A$100000,">0",MAGAZZINO!$E$2:$E$100000,INVENTARIO!$B3) | H3: ACCESSORI | J3: =+D3 | K3: =+E3 | L3: =+F3
B4: CANNA PER CARABINA | D4: =+SUMIFS(MAGAZZINO!M$2:M$100000,MAGAZZINO!$A$2:$A$100000,">0",MAGAZZINO!$E$2:$E$100000,INVENTARIO!$B4) | E4: =+SUMIFS(MAGAZZINO!N$2:N$100000,MAGAZZINO!$A$2:$A$100000,">0",MAGAZZINO!$E$2:$E$100000,INVENTARIO!$B4) | F4: =+SUMIFS(MAGAZZINO!O$2:O$100000,MAGAZZINO!$A$2:$A$100000,">0",MAGAZZINO!$E$2:$E$100000,INVENTARIO!$B4) | H4: CANNE | J4: =+SUM(D4:D11) | K4: =+SUM(E4:E11) | L4: =+SUM(F4:F11)
B5: CANNA PER CARABINA AD ARIA COMPRESSA | D5: =+SUMIFS(MAGAZZINO!M$2:M$100000,MAGAZZINO!$A$2:$A$100000,">0",MAGAZZINO!$E$2:$E$100000,INVENTARIO!$B5) | E5: =+SUMIFS(MAGAZZINO!N$2:N$100000,MAGAZZINO!$A$2:$A$100000,">0",MAGAZZINO!$E$2:$E$100000,INVENTARIO!$B5) | F5: =+SUMIFS(MAGAZZINO!O$2:O$100000,MAGAZZINO!$A$2:$A$100000,">0",MAGAZZINO!$E$2:$E$100000,INVENTARIO!$B5)
B6: CANNA PER FUCILE DOPPIETTA | D6: =+SUMIFS(MAGAZZINO!M$2:M$100000,MAGAZZINO!$A$2:$A$100000,">0",MAGAZZINO!$E$2:$E$100000,INVENTARIO!$B6) | E6: =+SUMIFS(MAGAZZINO!N$2:N$100000,MAGAZZINO!$A$2:$A$100000,">0",MAGAZZINO!$E$2:$E$100000,INVENTARIO!$B6) | F6: =+SUMIFS(MAGAZZINO!O$2:O$100000,MAGAZZINO!$A$2:$A$100000,">0",MAGAZZINO!$E$2:$E$100000,INVENTARIO!$B6)
B7: CANNA PER FUCILE MONOCANNA | D7: =+SUMIFS(MAGAZZINO!M$2:M$100000,MAGAZZINO!$A$2:$A$100000,">0",MAGAZZINO!$E$2:$E$100000,INVENTARIO!$B7) | E7: =+SUMIFS(MAGAZZINO!N$2:N$100000,MAGAZZINO!$A$2:$A$100000,">0",MAGAZZINO!$E$2:$E$100000,INVENTARIO!$B7) | F7: =+SUMIFS(MAGAZZINO!O$2:O$100000,MAGAZZINO!$A$2:$A$100000,">0",MAGAZZINO!$E$2:$E$100000,INVENTARIO!$B7)
B8: CANNA PER FUCILE SEMIAUTOMATICO | D8: =+SUMIFS(MAGAZZINO!M$2:M$100000,MAGAZZINO!$A$2:$A$100000,">0",MAGAZZINO!$E$2:$E$100000,INVENTARIO!$B8) | E8: =+SUMIFS(MAGAZZINO!N$2:N$100000,MAGAZZINO!$A$2:$A$100000,">0",MAGAZZINO!$E$2:$E$100000,INVENTARIO!$B8) | F8: =+SUMIFS(MAGAZZINO!O$2:O$100000,MAGAZZINO!$A$2:$A$100000,">0",MAGAZZINO!$E$2:$E$100000,INVENTARIO!$B8)
B9: CANNA PER FUCILE SOVRAPPOSTO | D9: =+SUMIFS(MAGAZZINO!M$2:M$100000,MAGAZZINO!$A$2:$A$100000,">0",MAGAZZINO!$E$2:$E$100000,INVENTARIO!$B9) | E9: =+SUMIFS(MAGAZZINO!N$2:N$100000,MAGAZZINO!$A$2:$A$100000,">0",MAGAZZINO!$E$2:$E$100000,INVENTARIO!$B9) | F9: =+SUMIFS(MAGAZZINO!O$2:O$100000,MAGAZZINO!$A$2:$A$100000,">0",MAGAZZINO!$E$2:$E$100000,INVENTARIO!$B9)
B10: CANNA PER PISTOLA | D10: =+SUMIFS(MAGAZZINO!M$2:M$100000,MAGAZZINO!$A$2:$A$100000,">0",MAGAZZINO!$E$2:$E$100000,INVENTARIO!$B10) | E10: =+SUMIFS(MAGAZZINO!N$2:N$100000,MAGAZZINO!$A$2:$A$100000,">0",MAGAZZINO!$E$2:$E$100000,INVENTARIO!$B10) | F10: =+SUMIFS(MAGAZZINO!O$2:O$100000,MAGAZZINO!$A$2:$A$100000,">0",MAGAZZINO!$E$2:$E$100000,INVENTARIO!$B10)
B11: CANNA RIGATA | D11: =+SUMIFS(MAGAZZINO!M$2:M$100000,MAGAZZINO!$A$2:$A$100000,">0",MAGAZZINO!$E$2:$E$100000,INVENTARIO!$B11) | E11: =+SUMIFS(MAGAZZINO!N$2:N$100000,MAGAZZINO!$A$2:$A$100000,">0",MAGAZZINO!$E$2:$E$100000,INVENTARIO!$B11) | F11: =+SUMIFS(MAGAZZINO!O$2:O$100000,MAGAZZINO!$A$2:$A$100000,">0",MAGAZZINO!$E$2:$E$100000,INVENTARIO!$B11)
B12: CARABINA | D12: =+SUMIFS(MAGAZZINO!M$2:M$100000,MAGAZZINO!$A$2:$A$100000,">0",MAGAZZINO!$E$2:$E$100000,INVENTARIO!$B12) | E12: =+SUMIFS(MAGAZZINO!N$2:N$100000,MAGAZZINO!$A$2:$A$100000,">0",MAGAZZINO!$E$2:$E$100000,INVENTARIO!$B12) | F12: =+SUMIFS(MAGAZZINO!O$2:O$100000,MAGAZZINO!$A$2:$A$100000,">0",MAGAZZINO!$E$2:$E$100000,INVENTARIO!$B12) | H12: CARABINE | J12: =+SUM(D12:D18) | K12: =+SUM(E12:E18) | L12: =+SUM(F12:F18)
B13: CARABINA A LEVA | D13: =+SUMIFS(MAGAZZINO!M$2:M$100000,MAGAZZINO!$A$2:$A$100000,">0",MAGAZZINO!$E$2:$E$100000,INVENTARIO!$B13) | E13: =+SUMIFS(MAGAZZINO!N$2:N$100000,MAGAZZINO!$A$2:$A$100000,">0",MAGAZZINO!$E$2:$E$100000,INVENTARIO!$B13) | F13: =+SUMIFS(MAGAZZINO!O$2:O$100000,MAGAZZINO!$A$2:$A$100000,">0",MAGAZZINO!$E$2:$E$100000,INVENTARIO!$B13)
B14: CARABINA SEMIAUTOMATICA | D14: =+SUMIFS(MAGAZZINO!M$2:M$100000,MAGAZZINO!$A$2:$A$100000,">0",MAGAZZINO!$E$2:$E$100000,INVENTARIO!$B14) | E14: =+SUMIFS(MAGAZZINO!N$2:N$100000,MAGAZZINO!$A$2:$A$100000,">0",MAGAZZINO!$E$2:$E$100000,INVENTARIO!$B14) | F14: =+SUMIFS(MAGAZZINO!O$2:O$100000,MAGAZZINO!$A$2:$A$100000,">0",MAGAZZINO!$E$2:$E$100000,INVENTARIO!$B14)
B15: CARABINA AD ARIA COMPRESSA | D15: =+SUMIFS(MAGAZZINO!M$2:M$100000,MAGAZZINO!$A$2:$A$100000,">0",MAGAZZINO!$E$2:$E$100000,INVENTARIO!$B15) | E15: =+SUMIFS(MAGAZZINO!N$2:N$100000,MAGAZZINO!$A$2:$A$100000,">0",MAGAZZINO!$E$2:$E$100000,INVENTARIO!$B15) | F15: =+SUMIFS(MAGAZZINO!O$2:O$100000,MAGAZZINO!$A$2:$A$100000,">0",MAGAZZINO!$E$2:$E$100000,INVENTARIO!$B15)
B16: CARABINA AD ARIA COMPRESSA PCP | D16: =+SUMIFS(MAGAZZINO!M$2:M$100000,MAGAZZINO!$A$2:$A$100000,">0",MAGAZZINO!$E$2:$E$100000,INVENTARIO!$B16) | E16: =+SUMIFS(MAGAZZINO!N$2:N$100000,MAGAZZINO!$A$2:$A$100000,">0",MAGAZZINO!$E$2:$E$100000,INVENTARIO!$B16) | F16: =+SUMIFS(MAGAZZINO!O$2:O$100000,MAGAZZINO!$A$2:$A$100000,">0",MAGAZZINO!$E$2:$E$100000,INVENTARIO!$B16)
B17: CARABINA MONOCOLPO | D17: =+SUMIFS(MAGAZZINO!M$2:M$100000,MAGAZZINO!$A$2:$A$100000,">0",MAGAZZINO!$E$2:$E$100000,INVENTARIO!$B17) | E17: =+SUMIFS(MAGAZZINO!N$2:N$100000,MAGAZZINO!$A$2:$A$100000,">0",MAGAZZINO!$E$2:$E$100000,INVENTARIO!$B17) | F17: =+SUMIFS(MAGAZZINO!O$2:O$100000,MAGAZZINO!$A$2:$A$100000,">0",MAGAZZINO!$E$2:$E$100000,INVENTARIO!$B17)
B18: CARABINA AD OTTURATORE | D18: =+SUMIFS(MAGAZZINO!M$2:M$100000,MAGAZZINO!$A$2:$A$100000,">0",MAGAZZINO!$E$2:$E$100000,INVENTARIO!$B18) | E18: =+SUMIFS(MAGAZZINO!N$2:N$100000,MAGAZZINO!$A$2:$A$100000,">0",MAGAZZINO!$E$2:$E$100000,INVENTARIO!$B18) | F18: =+SUMIFS(MAGAZZINO!O$2:O$100000,MAGAZZINO!$A$2:$A$100000,">0",MAGAZZINO!$E$2:$E$100000,INVENTARIO!$B18)
B19: DOPPIETTA A CANNE RIGATE | D19: =+SUMIFS(MAGAZZINO!M$2:M$100000,MAGAZZINO!$A$2:$A$100000,">0",MAGAZZINO!$E$2:$E$100000,INVENTARIO!$B19) | E19: =+SUMIFS(MAGAZZINO!N$2:N$100000,MAGAZZINO!$A$2:$A$100000,">0",MAGAZZINO!$E$2:$E$100000,INVENTARIO!$B19) | F19: =+SUMIFS(MAGAZZINO!O$2:O$100000,MAGAZZINO!$A$2:$A$100000,">0",MAGAZZINO!$E$2:$E$100000,INVENTARIO!$B19) | H19: DOPPIETTA | J19: =D19 | K19: =E19 | L19: =F19
B20: FUCILE A POMPA | D20: =+SUMIFS(MAGAZZINO!M$2:M$100000,MAGAZZINO!$A$2:$A$100000,">0",MAGAZZINO!$E$2:$E$100000,INVENTARIO!$B20) | E20: =+SUMIFS(MAGAZZINO!N$2:N$100000,MAGAZZINO!$A$2:$A$100000,">0",MAGAZZINO!$E$2:$E$100000,INVENTARIO!$B20) | F20: =+SUMIFS(MAGAZZINO!O$2:O$100000,MAGAZZINO!$A$2:$A$100000,">0",MAGAZZINO!$E$2:$E$100000,INVENTARIO!$B20) | H20: FUCILI | J20: =+SUM(D20:D29) | K20: =+SUM(E20:E29) | L20: =+SUM(F20:F29)
B21: FUCILE AVANCARICA | D21: =+SUMIFS(MAGAZZINO!M$2:M$100000,MAGAZZINO!$A$2:$A$100000,">0",MAGAZZINO!$E$2:$E$100000,INVENTARIO!$B21) | E21: =+SUMIFS(MAGAZZINO!N$2:N$100000,MAGAZZINO!$A$2:$A$100000,">0",MAGAZZINO!$E$2:$E$100000,INVENTARIO!$B21) | F21: =+SUMIFS(MAGAZZINO!O$2:O$100000,MAGAZZINO!$A$2:$A$100000,">0",MAGAZZINO!$E$2:$E$100000,INVENTARIO!$B21)
B22: FUCILE DOPPIETTA | D22: =+SUMIFS(MAGAZZINO!M$2:M$100000,MAGAZZINO!$A$2:$A$100000,">0",MAGAZZINO!$E$2:$E$100000,INVENTARIO!$B22) | E22: =+SUMIFS(MAGAZZINO!N$2:N$100000,MAGAZZINO!$A$2:$A$100000,">0",MAGAZZINO!$E$2:$E$100000,INVENTARIO!$B22) | F22: =+SUMIFS(MAGAZZINO!O$2:O$100000,MAGAZZINO!$A$2:$A$100000,">0",MAGAZZINO!$E$2:$E$100000,INVENTARIO!$B22)
B23: FUCILE DOPPIETTA CANI ESTERNI | D23: =+SUMIFS(MAGAZZINO!M$2:M$100000,MAGAZZINO!$A$2:$A$100000,">0",MAGAZZINO!$E$2:$E$100000,INVENTARIO!$B23) | E23: =+SUMIFS(MAGAZZINO!N$2:N$100000,MAGAZZINO!$A$2:$A$100000,">0",MAGAZZINO!$E$2:$E$100000,INVENTARIO!$B23) | F23: =+SUMIFS(MAGAZZINO!O$2:O$100000,MAGAZZINO!$A$2:$A$100000,">0",MAGAZZINO!$E$2:$E$100000,INVENTARIO!$B23)
B24: FUCILE DOPPIETTA CANI INTERNI | D24: =+SUMIFS(MAGAZZINO!M$2:M$100000,MAGAZZINO!$A$2:$A$100000,">0",MAGAZZINO!$E$2:$E$100000,INVENTARIO!$B24) | E24: =+SUMIFS(MAGAZZINO!N$2:N$100000,MAGAZZINO!$A$2:$A$100000,">0",MAGAZZINO!$E$2:$E$100000,INVENTARIO!$B24) | F24: =+SUMIFS(MAGAZZINO!O$2:O$100000,MAGAZZINO!$A$2:$A$100000,">0",MAGAZZINO!$E$2:$E$100000,INVENTARIO!$B24)
B25: FUCILE DOPPIETTA AVANCARICA | D25: =+SUMIFS(MAGAZZINO!M$2:M$100000,MAGAZZINO!$A$2:$A$100000,">0",MAGAZZINO!$E$2:$E$100000,INVENTARIO!$B25) | E25: =+SUMIFS(MAGAZZINO!N$2:N$100000,MAGAZZINO!$A$2:$A$100000,">0",MAGAZZINO!$E$2:$E$100000,INVENTARIO!$B25) | F25: =+SUMIFS(MAGAZZINO!O$2:O$100000,MAGAZZINO!$A$2:$A$100000,">0",MAGAZZINO!$E$2:$E$100000,INVENTARIO!$B25)
B26: FUCILE MONOCANNA | D26: =+SUMIFS(MAGAZZINO!M$2:M$100000,MAGAZZINO!$A$2:$A$100000,">0",MAGAZZINO!$E$2:$E$100000,INVENTARIO!$B26) | E26: =+SUMIFS(MAGAZZINO!N$2:N$100000,MAGAZZINO!$A$2:$A$100000,">0",MAGAZZINO!$E$2:$E$100000,INVENTARIO!$B26) | F26: =+SUMIFS(MAGAZZINO!O$2:O$100000,MAGAZZINO!$A$2:$A$100000,">0",MAGAZZINO!$E$2:$E$100000,INVENTARIO!$B26)
B27: FUCILE SEMIAUTOMATICO | D27: =+SUMIFS(MAGAZZINO!M$2:M$100000,MAGAZZINO!$A$2:$A$100000,">0",MAGAZZINO!$E$2:$E$100000,INVENTARIO!$B27) | E27: =+SUMIFS(MAGAZZINO!N$2:N$100000,MAGAZZINO!$A$2:$A$100000,">0",MAGAZZINO!$E$2:$E$100000,INVENTARIO!$B27) | F27: =+SUMIFS(MAGAZZINO!O$2:O$100000,MAGAZZINO!$A$2:$A$100000,">0",MAGAZZINO!$E$2:$E$100000,INVENTARIO!$B27)
B28: FUCILE AD OTTURATORE | D28: =+SUMIFS(MAGAZZINO!M$2:M$100000,MAGAZZINO!$A$2:$A$100000,">0",MAGAZZINO!$E$2:$E$100000,INVENTARIO!$B28) | E28: =+SUMIFS(MAGAZZINO!N$2:N$100000,MAGAZZINO!$A$2:$A$100000,">0",MAGAZZINO!$E$2:$E$100000,INVENTARIO!$B28) | F28: =+SUMIFS(MAGAZZINO!O$2:O$100000,MAGAZZINO!$A$2:$A$100000,">0",MAGAZZINO!$E$2:$E$100000,INVENTARIO!$B28)
B29: FUCILE SOVRAPPOSTO | D29: =+SUMIFS(MAGAZZINO!M$2:M$100000,MAGAZZINO!$A$2:$A$100000,">0",MAGAZZINO!$E$2:$E$100000,INVENTARIO!$B29) | E29: =+SUMIFS(MAGAZZINO!N$2:N$100000,MAGAZZINO!$A$2:$A$100000,">0",MAGAZZINO!$E$2:$E$100000,INVENTARIO!$B29) | F29: =+SUMIFS(MAGAZZINO!O$2:O$100000,MAGAZZINO!$A$2:$A$100000,">0",MAGAZZINO!$E$2:$E$100000,INVENTARIO!$B29)
B30: PISTOLA AVANCARICA | D30: =+SUMIFS(MAGAZZINO!M$2:M$100000,MAGAZZINO!$A$2:$A$100000,">0",MAGAZZINO!$E$2:$E$100000,INVENTARIO!$B30) | E30: =+SUMIFS(MAGAZZINO!N$2:N$100000,MAGAZZINO!$A$2:$A$100000,">0",MAGAZZINO!$E$2:$E$100000,INVENTARIO!$B30) | F30: =+SUMIFS(MAGAZZINO!O$2:O$100000,MAGAZZINO!$A$2:$A$100000,">0",MAGAZZINO!$E$2:$E$100000,INVENTARIO!$B30) | H30: PISTOLE | J30: =+SUM(D30:D32) | K30: =+SUM(E30:E32) | L30: =+SUM(F30:F32)
B31: PISTOLA SEMIAUTOMATICA | D31: =+SUMIFS(MAGAZZINO!M$2:M$100000,MAGAZZINO!$A$2:$A$100000,">0",MAGAZZINO!$E$2:$E$100000,INVENTARIO!$B31) | E31: =+SUMIFS(MAGAZZINO!N$2:N$100000,MAGAZZINO!$A$2:$A$100000,">0",MAGAZZINO!$E$2:$E$100000,INVENTARIO!$B31) | F31: =+SUMIFS(MAGAZZINO!O$2:O$100000,MAGAZZINO!$A$2:$A$100000,">0",MAGAZZINO!$E$2:$E$100000,INVENTARIO!$B31)
B32: PISTOLA POMPA | D32: =+SUMIFS(MAGAZZINO!M$2:M$100000,MAGAZZINO!$A$2:$A$100000,">0",MAGAZZINO!$E$2:$E$100000,INVENTARIO!$B32) | E32: =+SUMIFS(MAGAZZINO!N$2:N$100000,MAGAZZINO!$A$2:$A$100000,">0",MAGAZZINO!$E$2:$E$100000,INVENTARIO!$B32) | F32: =+SUMIFS(MAGAZZINO!O$2:O$100000,MAGAZZINO!$A$2:$A$100000,">0",MAGAZZINO!$E$2:$E$100000,INVENTARIO!$B32)
B33: REVOLVER | D33: =+SUMIFS(MAGAZZINO!M$2:M$100000,MAGAZZINO!$A$2:$A$100000,">0",MAGAZZINO!$E$2:$E$100000,INVENTARIO!$B33) | E33: =+SUMIFS(MAGAZZINO!N$2:N$100000,MAGAZZINO!$A$2:$A$100000,">0",MAGAZZINO!$E$2:$E$100000,INVENTARIO!$B33) | F33: =+SUMIFS(MAGAZZINO!O$2:O$100000,MAGAZZINO!$A$2:$A$100000,">0",MAGAZZINO!$E$2:$E$100000,INVENTARIO!$B33) | H33: REVOLVER | J33: =+D33 | K33: =+E33 | L33: =+F33
B34: CARCASSA | D34: =+SUMIFS(MAGAZZINO!M$2:M$100000,MAGAZZINO!$A$2:$A$100000,">0",MAGAZZINO!$E$2:$E$100000,INVENTARIO!$B34) | E34: =+SUMIFS(MAGAZZINO!N$2:N$100000,MAGAZZINO!$A$2:$A$100000,">0",MAGAZZINO!$E$2:$E$100000,INVENTARIO!$B35) | F34: =+SUMIFS(MAGAZZINO!O$2:O$100000,MAGAZZINO!$A$2:$A$100000,">0",MAGAZZINO!$E$2:$E$100000,INVENTARIO!$B34) | H34: CARCASSA | J34: =+D34 | K34: =+E34 | L34: =+F34
D36: =SUM(D2:D35) | E36: =SUM(E2:E35) | F36: =SUM(F2:F35) | J36: =SUM(J2:J35) | K36: =SUM(K2:K35) | L36: =SUM(L2:L35)
J37: =+IF(D36=J36,"OK","ERRORE") | K37: =+IF(E36=K36,"OK","ERRORE") | L37: =+IF(F36=L36,"OK","ERRORE")
B45: ATTENZIONE: QUANDO SI INSERISCE UNA NUOVA TIPOLOGIA FARLO SEMPRE TRA LA PRIMA E L'ULTIMA RIGA APPOSITAMENTE COLORATE IN GIALLO
B46: ATTENTION: WHEN ENTERING A NEW TYPE, ALWAYS DO SO BETWEEN THE FIRST AND LAST LINES SPECIALLY COLOURED IN YELLOW
B47: ATTENZIONE: QUANDO SI INSERISCE UNA NUOVA TIPOLOGIA FARLO SEMPRE RISPETTANDO L'ORDINE ALFABETICO, IN MODO CHE IL MENU A TENDINA NEL FOGLIO "MAGAZZINO" RESTITUISCA LE PROPOSTE IN ORDINE
B48: ATTENTION: WHEN ENTERING A NEW TYPE, ALWAYS DO SO IN ALPHABETICAL ORDER, SO THAT THE DROP-DOWN MENU IN THE ‘WAREHOUSE’ SHEET RETURNS THE PROPOSALS IN ORDER
B49: ATTENZIONE: SE SI MODIFICA UNA DESCRIZIONE GIA ESISTENTE NON SI MODIFICANO IN AUTOMATICO LE DESCRIZIONI NEL FOGLIO MAGAZZINO, BISOGNERA' PERTANTO PROCEDERE CON IL CAMBIO NEL FOGLIO MAGAZZINO TRAMITE I FILTRI
B50: ATTENTION: IF YOU CHANGE AN EXISTING DESCRIPTION, THE DESCRIPTIONS IN THE STOCK SHEET WILL NOT CHANGE AUTOMATICALLY, SO YOU WILL HAVE TO PROCEED WITH THE CHANGE IN THE STOCK SHEET VIA THE FILTERS

Sheet MAGAZZINO
A1: GIACENZA | B1: NUMERO OPERAZIONE | C1: DATA DI CARICO | D1: QUANTITA' | E1: TIPOLOGIA | F1: CALIBRO | G1: MARCA ARMA | H1: MODELLO | I1: MATR. ARMA | J1: MATR. CANNA | K1: MATR. AGG. | L1: FORNITORE | M1: COSTO | N1: COSTO IMBALLO | O1: COSTO COMPL. | P1: DATA DDT | Q1: DATA FATTURA | R1: PREZZO DI VENDITA | S1: V | T1: N. ATA | U1: DATA DI SCARICO | V1: N. FATTURA | W1: DATA FATTURA | X1: CLIENTE
A2: =+D2-S2 | O2: =+M2+N2
A3: =+D3-S3 | C3: 45350 | D3: 1 | E3: FUCILE A POMPA | F3: 12 | G3: WINCHESTER | H3: SXP DEFENDER | I3: 12AZR13526 | J3: N/D | K3: N/D | L3: MANTOVARMI SNC DI BERGHAMASCHI FABIO & C | M3: 280 | O3: =+M3+N3 | R3: 299 | S3: 1 | T3: CA42796IR | U3: 45821 | V3: 11 | W3: 45821 | X3: PHILIPPOS COSTANTINIDES TRADING CO. LTD
A4: =+D4-S4 | C4: 45350 | D4: 1 | E4: FUCILE MONOCANNA | F4: 16 | G4: BERETTA | H4: N/D | I4: 90947 | J4: N/D | K4: N/D | L4: ARMERIA LENZERINI SAS | M4: 20 | O4: =+M4+N4 | R4: 30 | S4: 1 | T4: CA42796IR | U4: 45821 | V4: 8 | W4: 45821 | X4: PHILIPPOS COSTANTINIDES TRADING CO. LTD
A5: =+D5-S5 | C5: 45350 | D5: 1 | E5: CARABINA AD ARIA COMPRESSA | F5: 4,5 | G5: DIANA | H5: N/D | I5: 311396 | J5: N/D | K5: N/D | L5: ARMERIA LENZERINI SAS | M5: 15 | O5: =+M5+N5 | R5: 25 | S5: 1 | T5: CA42796IR | U5: 45821 | V5: 16 | W5: 45821 | X5: PHILIPPOS COSTANTINIDES TRADING CO. LTD
A6: =+D6-S6 | C6: 45350 | D6: 1 | E6: CARABINA AD ARIA COMPRESSA | F6: 4,5 | G6: DIANA | H6: N/D | I6: 11755 | J6: N/D | K6: N/D | L6: ARMERIA LENZERINI SAS | M6: 15 | O6: =+M6+N6 | R6: 25 | S6: 1 | T6: CA42796IR | U6: 45821 | V6: 16 | W6: 45821 | X6: PHILIPPOS COSTANTINIDES TRADING CO. LTD
A7: =+D7-S7 | C7: 45350 | D7: 1 | E7: CARABINA AD ARIA COMPRESSA | F7: 4,5 | G7: DIANA | H7: N/D | I7: 70149373 | J7: N/D | K7: N/D | L7: ARMERIA LENZERINI SAS | M7: 15 | O7: =+M7+N7 | R7: 25 | S7: 1 | T7: CA42796IR | U7: 45821 | V7: 16 | W7: 45821 | X7: PHILIPPOS COSTANTINIDES TRADING CO. LTD
A8: =+D8-S8 | C8: 45350 | D8: 1 | E8: CARABINA AD ARIA COMPRESSA | F8: 4,5 | G8: SHANGAI | H8: N/D | I8: 1038 | J8: N/D | K8: N/D | L8: ARMERIA LENZERINI SAS | M8: 15 | O8: =+M8+N8 | R8: 25 | S8: 1 | T8: CA42796IR | U8: 45821 | V8: 16 | W8: 45821 | X8: PHILIPPOS COSTANTINIDES TRADING CO. LTD
A9: =+D9-S9 | C9: 45350 | D9: 1 | E9: CARABINA AD ARIA COMPRESSA | F9: 4,5 | G9: WALTHER | H9: N/D | I9: 81024 | J9: N/D | K9: N/D | L9: ARMERIA LENZERINI SAS | M9: 15 | O9: =+M9+N9 | R9: 25 | S9: 1 | T9: CA42796IR | U9: 45821 | V9: 16 | W9: 45821 | X9: PHILIPPOS COSTANTINIDES TRADING CO. LTD
A10: =+D10-S10 | C10: 45350 | D10: 1 | E10: CARABINA AD ARIA COMPRESSA | F10: 4,5 | G10: DIANA | H10: N/D | I10: 97435 | J10: N/D | K10: N/D | L10: ARMERIA LENZERINI SAS | M10: 15 | O10: =+M10+N10 | R10: 25 | S10: 1 | T10: CA42796IR | U10: 45821 | V10: 16 | W10: 45821 | X10: PHILIPPOS COSTANTINIDES TRADING CO. LTD
A11: =+D11-S11 | C11: 45350 | D11: 1 | E11: CARABINA AD ARIA COMPRESSA | F11: 4,5 | G11: BSA | H11: N/D | I11: GM04111 | J11: N/D | K11: N/D | L11: ARMERIA LENZERINI SAS | M11: 15 | O11: =+M11+N11 | R11: 25 | S11: 1 | T11: CA42796IR | U11: 45821 | V11: 16 | W11: 45821 | X11: PHILIPPOS COSTANTINIDES TRADING CO. LTD
A12: =+D12-S12 | C12: 45350 | D12: 1 | E12: CARABINA AD ARIA COMPRESSA | F12: 4,5 | G12: GAMO | H12: N/D | I12: 487078 | J12: N/D | K12: N/D | L12: ARMERIA LENZERINI SAS | M12: 15 | O12: =+M12+N12 | R12: 25 | S12: 1 | T12: CA42796IR | U12: 45821 | V12: 16 | W12: 45821 | X12: PHILIPPOS COSTANTINIDES TRADING CO. LTD
A13: =+D13-S13 | C13: 45350 | D13: 1 | E13: CARABINA AD ARIA COMPRESSA | F13: 4,5 | G13: WEIHRAUCH | H13: HW77 | I13: 1486895 | J13: N/D | K13: N/D | L13: ARMERIA LENZERINI SAS | M13: 50 | O13: =+M13+N13 | R13: 60 | S13: 1 | T13: CA42796IR | U13: 45821 | V13: 16 | W13: 45821 | X13: PHILIPPOS COSTANTINIDES TRADING CO. LTD
A14: =+D14-S14 | C14: 45350 | D14: 1 | E14: CARABINA AD ARIA COMPRESSA | F14: 4,5 | G14: WEIHRAUCH | H14: N/D | I14: 225729 | J14: N/D | K14: N/D | L14: ARMERIA LENZERINI SAS | M14: 15 | O14: =+M14+N14 | R14: 25 | S14: 1 | T14: CA42796IR | U14: 45821 | V14: 16 | W14: 45821 | X14: PHILIPPOS COSTANTINIDES TRADING CO. LTD
A15: =+D15-S15 | C15: 45350 | D15: 1 | E15: CARABINA AD ARIA COMPRESSA | F15: 4,5 | G15: WEIHRAUCH | H15: N/D | I15: 2203552 | J15: N/D | K15: N/D | L15: ARMERIA LENZERINI SAS | M15: 15 | O15: =+M15+N15 | R15: 25 | S15: 1 | T15: CA42796IR | U15: 45821 | V15: 16 | W15: 45821 | X15: PHILIPPOS COSTANTINIDES TRADING CO. LTD
A16: =+D16-S16 | C16: 45350 | D16: 1 | E16: FUCILE SOVRAPPOSTO | F16: 16 | G16: PASTER | H16: N/D | I16: 51 | J16: N/D | K16: N/D | L16: ARMERIA LENZERINI SAS | M16: 100 | O16: =+M16+N16 | R16: 115 | S16: 1 | T16: CA42796IR | U16: 45821 | V16: 10 | W16: 45821 | X16: PHILIPPOS COSTANTINIDES TRADING CO. LTD
A17: =+D17-S17 | C17: 45379 | D17: 1 | E17: PISTOLA SEMIAUTOMATICA | F17: 9X19 | G17: H&K | H17: SFP9-SF | I17: 218-040943 | J17: N/D | K17: N/D | L17: TFC SRL | M17: 589 | O17: =+M17+N17 | R17: 665.5 | S17: 1 | T17: 6B/2025/5S | U17: 45963 | V17: 32 | W17: 45963 | X17: BIN HUMAID NATIONAL TRADING CO
A18: =+D18-S18 | C18: 45379 | D18: 1 | E18: PISTOLA SEMIAUTOMATICA | F18: 9X19 | G18: H&K | H18: SFP9-SF | I18: 218-040941 | J18: N/D | K18: N/D | L18: TFC SRL | M18: 589 | O18: =+M18+N18 | R18: 665.5 | S18: 1 | T18: 6B/2025/5S | U18: 45963 | V18: 32 | W18: 45963 | X18: BIN HUMAID NATIONAL TRADING CO
A19: =+D19-S19 | C19: 45379 | D19: 1 | E19: PISTOLA SEMIAUTOMATICA | F19: 9X19 | G19: H&K | H19: SFP9-SF | I19: 218-040929 | J19: N/D | K19: N/D | L19: TFC SRL | M19: 589 | O19: =+M19+N19 | R19: 665.5 | S19: 1 | T19: 6B/2025/5S | U19: 45963 | V19: 32 | W19: 45963 | X19: BIN HUMAID NATIONAL TRADING CO
A20: =+D20-S20 | C20: 45379 | D20: 1 | E20: PISTOLA SEMIAUTOMATICA | F20: 9X19 | G20: H&K | H20: SFP9-SF | I20: 218-040939 | J20: N/D | K20: N/D | L20: TFC SRL | M20: 589 | O20: =+M20+N20 | R20: 665.5 | S20: 1 | T20: 6B/2025/5S | U20: 45963 | V20: 32 | W20: 45963 | X20: BIN HUMAID NATIONAL TRADING CO
A21: =+D21-S21 | C21: 45379 | D21: 1 | E21: PISTOLA SEMIAUTOMATICA | F21: 9X19 | G21: H&K | H21: SFP9-SF | I21: 218-040926 | J21: N/D | K21: N/D | L21: TFC SRL | M21: 589 | O21: =+M21+N21 | R21: 665.5 | S21: 1 | T21: 6B/2025/5S | U21: 45963 | V21: 32 | W21: 45963 | X21: BIN HUMAID NATIONAL TRADING CO
A22: =+D22-S22 | C22: 45379 | D22: 1 | E22: PISTOLA SEMIAUTOMATICA | F22: 9X19 | G22: H&K | H22: SFP9-SF | I22: 218-040932 | J22: N/D | K22: N/D | L22: TFC SRL | M22: 589 | O22: =+M22+N22 | R22: 665.5 | S22: 1 | T22: 6B/2025/5S | U22: 45963 | V22: 32 | W22: 45963 | X22: BIN HUMAID NATIONAL TRADING CO
A23: =+D23-S23 | C23: 45379 | D23: 1 | E23: PISTOLA SEMIAUTOMATICA | F23: 9X19 | G23: H&K | H23: SFP9-SF | I23: 218-040927 | J23: N/D | K23: N/D | L23: TFC SRL | M23: 589 | O23: =+M23+N23 | R23: 665.5 | S23: 1 | T23: 6B/2025/5S | U23: 45963 | V23: 32 | W23: 45963 | X23: BIN HUMAID NATIONAL TRADING CO
A24: =+D24-S24 | C24: 45390 | D24: 1 | E24: PISTOLA SEMIAUTOMATICA | F24: 9X21 | G24: BERETTA | H24: PX4 DELUXE | I24: PJ00151 | J24: N/D | K24: N/D | L24: DALBALCON SRL | M24: 950 | O24: =+M24+N24 | R24: 998 | S24: 1 | T24: CA04954OS | U24: 45874 | V24: 25 | W24: 45874 | X24: PHILIPPOS COSTANTINIDES TRADING CO. LTD
A25: =+D25-S25 | C25: 45390 | D25: 1 | E25: PISTOLA SEMIAUTOMATICA | F25: 9X21 | G25: BERETTA | H25: PX4 DELUXE | I25: PJ00121 | J25: N/D | K25: N/D | L25: DALBALCON SRL | M25: 950 | O25: =+M25+N25 | R25: 998 | S25: 1 | T25: CA04954OS | U25: 45874 | V25: 25 | W25: 45874 | X25: PHILIPPOS COSTANTINIDES TRADING CO. LTD
A26: =+D26-S26 | C26: 45390 | D26: 1 | E26: FUCILE SOVRAPPOSTO | F26: 12 | G26: POLI | H26: N/D | I26: 1014 | J26: N/D | K26: N/D | L26: MANTOVARMI SNC DI BERGHAMASCHI FABIO & C | M26: 112 | O26: =+M26+N26 | R26: 120 | S26: 1 | T26: CA42796IR | U26: 45821 | V26: 9 | W26: 45821 | X26: PHILIPPOS COSTANTINIDES TRADING CO. LTD
A27: =+D27-S27 | C27: 45390 | D27: 1 | E27: FUCILE DOPPIETTA | F27: 12 | G27: LIEGE | H27: N/D | I27: 139227 | J27: N/D | K27: N/D | L27: MANTOVARMI SNC DI BERGHAMASCHI FABIO & C | M27: 162 | O27: =+M27+N27 | R27: 100 | S27: 1 | T27: CA42796IR | U27: 45821 | V27: 14 | W27: 45821 | X27: PHILIPPOS COSTANTINIDES TRADING CO. LTD
A28: =+D28-S28 | C28: 45390 | D28: 1 | E28: FUCILE DOPPIETTA | F28: 12 | G28: ARTIGIANALE | H28: N/D | I28: 3898 | J28: N/D | K28: N/D | L28: MANTOVARMI SNC DI BERGHAMASCHI FABIO & C | M28: 162 | O28: =+M28+N28 | R28: 120 | S28: 1 | T28: CA42796IR | U28: 45821 | V28: 12 | W28: 45821 | X28: PHILIPPOS COSTANTINIDES TRADING CO. LTD
A29: =+D29-S29 | C29: 45390 | D29: 1 | E29: FUCILE DOPPIETTA | F29: 12 | G29: CASTELLANI | H29: N/D | I29: 8479 | J29: N/D | K29: N/D | L29: MANTOVARMI SNC DI BERGHAMASCHI FABIO & C | M29: 162 | O29: =+M29+N29 | R29: 120 | S29: 1 | T29: CA42796IR | U29: 45821 | V29: 14 | W29: 45821 | X29: PHILIPPOS COSTANTINIDES TRADING CO. LTD
A30: =+D30-S30 | C30: 45390 | D30: 1 | E30: FUCILE DOPPIETTA | F30: 12 | G30: FONTANESI | H30: N/D | I30: 6820 | J30: N/D | K30: N/D | L30: MANTOVARMI SNC DI BERGHAMASCHI FABIO & C | M30: 112 | O30: =+M30+N30 | R30: 92 | S30: 1 | T30: CA42796IR | U30: 45821 | V30: 13 | W30: 45821 | X30: PHILIPPOS COSTANTINIDES TRADING CO. LTD
A31: =+D31-S31 | C31: 45390 | D31: 1 | E31: FUCILE DOPPIETTA | F31: 12 | G31: GUERINI | H31: N/D | I31: 926 | J31: N/D | K31: N/D | L31: MANTOVARMI SNC DI BERGHAMASCHI FABIO & C | M31: 162 | O31: =+M31+N31 | R31: 100 | S31: 1 | T31: CA42796IR | U31: 45821 | V31: 14 | W31: 45821 | X31: PHILIPPOS COSTANTINIDES TRADING CO. LTD
A32: =+D32-S32 | C32: 45390 | D32: 1 | E32: FUCILE DOPPIETTA | F32: 20 | G32: FERUNION | H32: N/D | I32: G2122 | J32: N/D | K32: N/D | L32: MANTOVARMI SNC DI BERGHAMASCHI FABIO & C | M32: 112 | O32: =+M32+N32 | R32: 100 | S32: 1 | T32: CA42796IR | U32: 45821 | V32: 14 | W32: 45821 | X32: PHILIPPOS COSTANTINIDES TRADING CO. LTD
A33: =+D33-S33 | C33: 45390 | D33: 1 | E33: FUCILE DOPPIETTA | F33: 12 | G33: FANTINELLI | H33: N/D | I33: 10078F-7117 | J33: N/D | K33: N/D | L33: MANTOVARMI SNC DI BERGHAMASCHI FABIO & C | M33: 162 | O33: =+M33+N33 | R33: 120 | S33: 1 | T33: CA42796IR | U33: 45821 | V33: 15 | W33: 45821 | X33: PHILIPPOS COSTANTINIDES TRADING CO. LTD
A34: =+D34-S34 | C34: 45390 | D34: 1 | E34: FUCILE DOPPIETTA | F34: 12 | G34: BRUNELLI | H34: N/D | I34: 520 | J34: N/D | K34: N/D | L34: MANTOVARMI SNC DI BERGHAMASCHI FABIO & C | M34: 112 | O34: =+M34+N34 | R34: 100 | S34: 1 | T34: CA42796IR | U34: 45821 | V34: 12 | W34: 45821 | X34: PHILIPPOS COSTANTINIDES TRADING CO. LTD
A35: =+D35-S35 | C35: 45390 | D35: 1 | E35: FUCILE DOPPIETTA | F35: 16 | G35: MAROCCHI | H35: N/D | I35: 143427 | J35: N/D | K35: N/D | L35: MANTOVARMI SNC DI BERGHAMASCHI FABIO & C | M35: 112 | O35: =+M35+N35 | R35: 100 | S35: 1 | T35: CA42796IR | U35: 45821 | V35: 14 | W35: 45821 | X35: PHILIPPOS COSTANTINIDES TRADING CO. LTD
A36: =+D36-S36 | C36: 45390 | D36: 1 | E36: FUCILE DOPPIETTA | F36: 12 | G36: LANCELLOTTI | H36: N/D | I36: 5808 | J36: N/D | K36: N/D | L36: MANTOVARMI SNC DI BERGHAMASCHI FABIO & C | M36: 162 | O36: =+M36+N36 | R36: 92 | S36: 1 | T36: CA42796IR | U36: 45821 | V36: 14 | W36: 45821 | X36: PHILIPPOS COSTANTINIDES TRADING CO. LTD
A37: =+D37-S37 | C37: 45390 | D37: 1 | E37: FUCILE DOPPIETTA | F37: 12 | G37: ARTIGIANALE | H37: N/D | I37: 530 | J37: N/D | K37: N/D | L37: MANTOVARMI SNC DI BERGHAMASCHI FABIO & C | M37: 112 | O37: =+M37+N37 | R37: 100 | S37: 1 | T37: CA42796IR | U37: 45821 | V37: 12 | W37: 45821 | X37: PHILIPPOS COSTANTINIDES TRADING CO. LTD
A38: =+D38-S38 | C38: 45390 | D38: 1 | E38: FUCILE DOPPIETTA | F38: 12 | G38: BERNARDELLI | H38: N/D | I38: 734 | J38: N/D | K38: N/D | L38: MANTOVARMI SNC DI BERGHAMASCHI FABIO & C | M38: 112 | O38: =+M38+N38 | R38: 67 | S38: 1 | T38: CA42796IR | U38: 45821 | V38: 13 | W38: 45821 | X38: PHILIPPOS COSTANTINIDES TRADING CO. LTD
A39: =+D39-S39 | C39: 45390 | D39: 1 | E39: FUCILE DOPPIETTA | F39: 12 | G39: SENZAMARCA | H39: N/D | I39: 34D | J39: N/D | K39: N/D | L39: MANTOVARMI SNC DI BERGHAMASCHI FABIO & C | M39: 112 | O39: =+M39+N39 | R39: 67 | S39: 1 | T39: CA42796IR | U39: 45821 | V39: 12 | W39: 45821 | X39: PHILIPPOS COSTANTINIDES TRADING CO. LTD
A40: =+D40-S40 | C40: 45390 | D40: 1 | E40: FUCILE DOPPIETTA | F40: 16 | G40: DAMAS | H40: N/D | I40: 307470 | J40: N/D | K40: N/D | L40: MANTOVARMI SNC DI BERGHAMASCHI FABIO & C | M40: 112 | O40: =+M40+N40 | R40: 67 | S40: 1 | T40: CA42796IR | U40: 45821 | V40: 14 | W40: 45821 | X40: PHILIPPOS COSTANTINIDES TRADING CO. LTD
A41: =+D41-S41 | C41: 45390 | D41: 1 | E41: FUCILE DOPPIETTA | F41: 12 | G41: DUMOULIN | H41: N/D | I41: 83275 | J41: N/D | K41: N/D | L41: MANTOVARMI SNC DI BERGHAMASCHI FABIO & C | M41: 112 | O41: =+M41+N41 | R41: 67 | S41: 1 | T41: CA42796IR | U41: 45821 | V41: 14 | W41: 45821 | X41: PHILIPPOS COSTANTINIDES TRADING CO. LTD
A42: =+D42-S42 | C42: 45390 | D42: 1 | E42: FUCILE DOPPIETTA | F42: 12 | G42: KRUPP | H42: N/D | I42: 77 | J42: N/D | K42: N/D | L42: MANTOVARMI SNC DI BERGHAMASCHI FABIO & C | M42: 112 | O42: =+M42+N42 | R42: 120 | S42: 1 | T42: CA42796IR | U42: 45821 | V42: 14 | W42: 45821 | X42: PHILIPPOS COSTANTINIDES TRADING CO. LTD
A43: =+D43-S43 | C43: 45390 | D43: 1 | E43: FUCILE DOPPIETTA | F43: 12 | G43: BERETTA | H43: N/D | I43: 112433 | J43: N/D | K43: N/D | L43: MANTOVARMI SNC DI BERGHAMASCHI FABIO & C | M43: 162 | O43: =+M43+N43 | R43: 78 | S43: 1 | T43: CA42796IR | U43: 45821 | V43: 12 | W43: 45821 | X43: PHILIPPOS COSTANTINIDES TRADING CO. LTD
A44: =+D44-S44 | C44: 45390 | D44: 1 | E44: FUCILE DOPPIETTA | F44: 12 | G44: KRUPP | H44: N/D | I44: 757 | J44: N/D | K44: N/D | L44: MANTOVARMI SNC DI BERGHAMASCHI FABIO & C | M44: 112 | O44: =+M44+N44 | R44: 67 | S44: 1 | T44: CA42796IR | U44: 45821 | V44: 14 | W44: 45821 | X44: PHILIPPOS COSTANTINIDES TRADING CO. LTD
A45: =+D45-S45 | C45: 45390 | D45: 1 | E45: FUCILE DOPPIETTA | F45: 12 | G45: ARTIGIANALE | H45: N/D | I45: 2728 | J45: N/D | K45: N/D | L45: MANTOVARMI SNC DI BERGHAMASCHI FABIO & C | M45: 112 | O45: =+M45+N45 | R45: 78 | S45: 1 | T45: CA42796IR | U45: 45821 | V45: 12 | W45: 45821 | X45: PHILIPPOS COSTANTINIDES TRADING CO. LTD
A46: =+D46-S46 | C46: 45392 | D46: 1 | E46: FUCILE SEMIAUTOMATICO | F46: 12 | G46: BENELLI | H46: 50 anniversary | I46: F364901T17 | J46: C1326339S15 | K46: N/D | L46: ARMERIA MATTEONI GINO JACOBO SRLS | M46: 2000 | O46: =+M46+N46
A47: =+D47-S47 | C47: 45393 | D47: 1 | E47: PISTOLA SEMIAUTOMATICA | F47: 7.65 | G47: BERETTA | H47: 81 | I47: D38182W | J47: N/D | K47: N/D | L47: ARMERIA BRIGNOLI SILVIO & C SNC | M47: 100 | O47: =+M47+N47
A48: =+D48-S48 | C48: 45393 | D48: 1 | E48: PISTOLA SEMIAUTOMATICA | F48: 7.65 | G48: BERETTA | H48: 81 | I48: D38164W | J48: N/D | K48: N/D | L48: ARMERIA BRIGNOLI SILVIO & C SNC | M48: 100 | O48: =+M48+N48
A49: =+D49-S49 | C49: 45393 | D49: 1 | E49: PISTOLA SEMIAUTOMATICA | F49: 7.65 | G49: BERETTA | H49: 81 | I49: D39635W | J49: N/D | K49: N/D | L49: ARMERIA BRIGNOLI SILVIO & C SNC | M49: 100 | O49: =+M49+N49
A50: =+D50-S50 | C50: 45393 | D50: 1 | E50: PISTOLA SEMIAUTOMATICA | F50: 7.65 | G50: BERETTA | H50: 81 | I50: D39770W | J50: N/D | K50: N/D | L50: ARMERIA BRIGNOLI SILVIO & C SNC | M50: 100 | O50: =+M50+N50
A51: =+D51-S51 | C51: 45393 | D51: 1 | E51: PISTOLA SEMIAUTOMATICA | F51: 7.65 | G51: BERETTA | H51: 81 | I51: D37899W | J51: N/D | K51: N/D | L51: ARMERIA BRIGNOLI SILVIO & C SNC | M51: 100 | O51: =+M51+N51
A52: =+D52-S52 | C52: 45393 | D52: 1 | E52: PISTOLA SEMIAUTOMATICA | F52: 7.65 | G52: BERETTA | H52: 81 | I52: D40521W | J52: N/D | K52: N/D | L52: ARMERIA BRIGNOLI SILVIO & C SNC | M52: 100 | O52: =+M52+N52
A53: =+D53-S53 | C53: 45393 | D53: 1 | E53: PISTOLA SEMIAUTOMATICA | F53: 7.65 | G53: BERETTA | H53: 81 | I53: D39622W | J53: N/D | K53: N/D | L53: ARMERIA BRIGNOLI SILVIO & C SNC | M53: 100 | O53: =+M53+N53
A54: =+D54-S54 | C54: 45393 | D54: 1 | E54: PISTOLA SEMIAUTOMATICA | F54: 7.65 | G54: BERETTA | H54: 81 | I54: D39979W | J54: N/D | K54: N/D | L54: ARMERIA BRIGNOLI SILVIO & C SNC | M54: 100 | O54: =+M54+N54
A55: =+D55-S55 | C55: 45393 | D55: 1 | E55: PISTOLA SEMIAUTOMATICA | F55: 7.65 | G55: BERETTA | H55: 81 | I55: D40491W | J55: N/D | K55: N/D | L55: ARMERIA BRIGNOLI SILVIO & C SNC | M55: 100 | O55: =+M55+N55
A56: =+D56-S56 | C56: 45393 | D56: 1 | E56: PISTOLA SEMIAUTOMATICA | F56: 7.65 | G56: BERETTA | H56: 81 | I56: D39080W | J56: N/D | K56: N/D | L56: ARMERIA BRIGNOLI SILVIO & C SNC | M56: 100 | O56: =+M56+N56
A57: =+D57-S57 | C57: 45393 | D57: 1 | E57: PISTOLA SEMIAUTOMATICA | F57: 7.65 | G57: BERETTA | H57: 81 | I57: D39973W | J57: N/D | K57: N/D | L57: ARMERIA BRIGNOLI SILVIO & C SNC | M57: 100 | O57: =+M57+N57
A58: =+D58-S58 | C58: 45393 | D58: 1 | E58: PISTOLA SEMIAUTOMATICA | F58: 7.65 | G58: BERETTA | H58: 81 | I58: D39110W | J58: N/D | K58: N/D | L58: ARMERIA BRIGNOLI SILVIO & C SNC | M58: 100 | O58: =+M58+N58
... A67: =+D67-S67 | C67: 45393 | D67: 1 | E67: PISTOLA SEMIAUTOMATICA | F67: 7.65 | G67: BERETTA | H67: 82 | I67: E93257W | J67: N/D | K67: N/D | L67: ARMERIA BRIGNOLI SILVIO & C SNC | M67: 100 | O67: =+M67+N67
A68: =+D68-S68 | C68: 45393 | D68: 1 | E68: PISTOLA SEMIAUTOMATICA | F68: 22LR | G68: BERETTA | H68: 76 | I68: M11761 | J68: N/D | K68: N/D | L68: ARMERIA BRIGNOLI SILVIO & C SNC | M68: 100 | O68: =+M68+N68
A69: =+D69-S69 | C69: 45393 | D69: 1 | E69: PISTOLA SEMIAUTOMATICA | F69: 7.65 | G69: BERETTA | H69: 90 | I69: 15339 | J69: N/D | K69: N/D | L69: ARMERIA BRIGNOLI SILVIO & C SNC | M69: 100 | O69: =+M69+N69
A70: =+D70-S70 | C70: 45393 | D70: 1 | E70: PISTOLA SEMIAUTOMATICA | F70: 22LR | G70: WALTHER | H70: PPQ | I70: PP062837 | J70: N/D | K70: N/D | L70: ARMERIA BRIGNOLI SILVIO & C SNC | M70: 391 | O70: =+M70+N70 | R70: 410 | S70: 1 | T70: CA04954OS | U70: 45874 | V70: 25 | W70: 45874 | X70: PHILIPPOS COSTANTINIDES TRADING CO. LTD
A71: =+D71-S71 | C71: 45393 | D71: 1 | E71: PISTOLA SEMIAUTOMATICA | F71: 22LR | G71: WALTHER | H71: PPQ | I71: PP062849 | J71: N/D | K71: N/D | L71: ARMERIA BRIGNOLI SILVIO & C SNC | M71: 391 | O71: =+M71+N71 | R71: 410 | S71: 1 | T71: CA04954OS | U71: 45874 | V71: 25 | W71: 45874 | X71: PHILIPPOS COSTANTINIDES TRADING CO. LTD
A72: =+D72-S72 | C72: 45393 | D72: 1 | E72: PISTOLA SEMIAUTOMATICA | F72: 9X19 | G72: H&K | H72: USP ELITE | I72: 24-189412 | J72: N/D | K72: N/D | L72: ARMERIA BRIGNOLI SILVIO & C SNC | M72: 1104 | O72: =+M72+N72 | R72: 1226.5 | S72: 1 | T72: 6B/2025/5S | U72: 45963 | V72: 32 | W72: 45963 | X72: BIN HUMAID NATIONAL TRADING CO
A73: =+D73-S73 | C73: 45394 | D73: 1 | E73: PISTOLA SEMIAUTOMATICA | F73: 9X19 | G73: BERETTA | H73: 92 FUSION | I73: FUSC040N | J73: N/D | K73: N/D | L73: ARMERIA BRIGNOLI SILVIO & C SNC | M73: 7500 | O73: =+M73+N73 | R73: 7875 | S73: 1 | T73: CA04954OS | U73: 45874 | V73: 25 | W73: 45874 | X73: PHILIPPOS COSTANTINIDES TRADING CO. LTD
A74: =+D74-S74 | C74: 45414 | D74: 1 | E74: CARABINA SEMIAUTOMATICA | F74: 22 LR | G74: WINCHESTER | H74: WILDCAT STARTA SA THR 16 5 | I74: TF614-22Y00250 | J74: N/D | K74: N/D | L74: B.W.M.I. SRL | M74: 265.5 | O74: =+M74+N74
A75: =+D75-S75 | C75: 45414 | D75: 1 | E75: CARABINA | F75: 22 LR | G75: WINCHESTER | H75: XPERT COMPO THR 16.5 | I75: TF614-23AA01541 | J75: N/D | K75: N/D | L75: B.W.M.I. SRL | M75: 0 | O75: =+M75+N75
A76: =+D76-S76 | C76: 45414 | D76: 1 | E76: CARABINA | F76: 22 LR | G76: WINCHESTER | H76: XPERT STEALTH THR 16.5 | I76: TF614-24AA00102 | J76: N/D | K76: N/D | L76: B.W.M.I. SRL | M76: 0 | O76: =+M76+N76 | R76: 327 | S76: 1 | T76: CA04954OS | U76: 45874 | V76: 26 | W76: 45874 | X76: PHILIPPOS COSTANTINIDES TRADING CO. LTD
A77: 0 | C77: 45415 | D77: 1 | E77: CARABINA | F77: 223REM | G77: SMITH&WESSON | H77: M&P15 SPORT II | I77: TW42913 | J77: N/D | K77: N/D | L77: PRIMA ARMI SRL | S77: 1 | U77: 45874 | W77: 45874 | X77: PHILIPPOS CONSTANTINIDES TRADING CO.LTD
A78: =+D78-S78 | C78: 45408 | D78: 1 | E78: FUCILE MONOCANNA | F78: 16 | G78: ZANOLETTI | H78: N/D | I78: 15014 | J78: N/D | K78: N/D | L78: ARMERIA LA STORICA DI PANCINI MORENO SRL | M78: 25.72375 | O78: =+M78+N78 | R78: 29 | S78: 1 | T78: CA42796IR | U78: 45821 | V78: 9 | W78: 45821 | X78: PHILIPPOS COSTANTINIDES TRADING CO. LTD
A79: =+D79-S79 | C79: 45408 | D79: 1 | E79: FUCILE SOVRAPPOSTO | F79: 20/410 | G79: INVESTARM | H79: N/D | I79: 567396 | J79: N/D | K79: N/D | L79: ARMERIA LA STORICA DI PANCINI MORENO SRL | M79: 82.316 | O79: =+M79+N79 | R79: 91 | S79: 1 | T79: CA42796IR | U79: 45821 | V79: 9 | W79: 45821 | X79: PHILIPPOS COSTANTINIDES TRADING CO. LTD
A80: =+D80-S80 | C80: 45418 | D80: 1 | E80: FUCILE MONOCANNA | F80: 24 | G80: BERETTA | H80: N/D | I80: C147001 | J80: N/D | K80: N/D | L80: G.U.N. SNC DI SACCHI G & C. | M80: 30 | O80: =+M80+N80 | R80: 38 | S80: 1 | T80: CA42796IR | U80: 45821 | V80: 8 | W80: 45821 | X80: PHILIPPOS COSTANTINIDES TRADING CO. LTD
A81: =+D81-S81 | C81: 45418 | D81: 1 | E81: FUCILE MONOCANNA | F81: 24 | G81: BERETTA | H81: N/D | I81: D010608 | J81: N/D | K81: N/D | L81: G.U.N. SNC DI SACCHI G & C. | M81: 30 | O81: =+M81+N81 | R81: 38 | S81: 1 | T81: CA42796IR | U81: 45821 | V81: 8 | W81: 45821 | X81: PHILIPPOS COSTANTINIDES TRADING CO. LTD
A82: =+D82-S82 | C82: 45418 | D82: 1 | E82: FUCILE MONOCANNA | F82: 24 | G82: INVESTARM | H82: N/D | I82: 471296 | J82: N/D | K82: N/D | L82: G.U.N. SNC DI SACCHI G & C. | M82: 30 | O82: =+M82+N82 | R82: 38 | S82: 1 | T82: CA42796IR | U82: 45821 | V82: 8 | W82: 45821 | X82: PHILIPPOS COSTANTINIDES TRADING CO. LTD
A83: =+D83-S83 | C83: 45418 | D83: 1 | E83: FUCILE DOPPIETTA | F83: 12 | G83: BERNARDELLI | H83: N/D | I83: 9816 | J83: N/D | K83: N/D | L83: G.U.N. SNC DI SACCHI G & C. | M83: 200 | O83: =+M83+N83 | R83: 225 | S83: 1 | T83: CA42796IR | U83: 45821 | V83: 13 | W83: 45821 | X83: PHILIPPOS COSTANTINIDES TRADING CO. LTD
A84: =+D84-S84 | C84: 45418 | D84: 1 | E84: FUCILE DOPPIETTA | F84: 12 | G84: BERNARDELLI | H84: N/D | I84: 51830 | J84: N/D | K84: N/D | L84: G.U.N. SNC DI SACCHI G & C. | M84: 200 | O84: =+M84+N84 | R84: 225 | S84: 1 | T84: CA42796IR | U84: 45821 | V84: 13 | W84: 45821 | X84: PHILIPPOS COSTANTINIDES TRADING CO. LTD
A85: =+D85-S85 | C85: 45418 | D85: 1 | E85: FUCILE DOPPIETTA | F85: 12 | G85: ZOLI | H85: N/D | I85: 4478 | J85: N/D | K85: N/D | L85: G.U.N. SNC DI SACCHI G & C. | M85: 200 | O85: =+M85+N85 | R85: 225 | S85: 1 | T85: CA42796IR | U85: 45821 | V85: 15 | W85: 45821 | X85: PHILIPPOS COSTANTINIDES TRADING CO. LTD
A86: =+D86-S86 | C86: 45418 | D86: 1 | E86: FUCILE DOPPIETTA | F86: 12 | G86: ZOLI | H86: N/D | I86: 29134 | J86: N/D | K86: N/D | L86: G.U.N. SNC DI SACCHI G & C. | M86: 10 | O86: =+M86+N86 | R86: 16 | S86: 1 | T86: CA42796IR | U86: 45821 | V86: 15 | W86: 45821 | X86: PHILIPPOS COSTANTINIDES TRADING CO. LTD
A87: =+D87-S87 | C87: 45418 | D87: 1 | E87: FUCILE DOPPIETTA | F87: 12 | G87: BERETTA | H87: N/D | I87: 80653 | J87: N/D | K87: N/D | L87: G.U.N. SNC DI SACCHI G & C. | M87: 10 | O87: =+M87+N87 | R87: 16 | S87: 1 | T87: CA42796IR | U87: 45821 | V87: 12 | W87: 45821 | X87: PHILIPPOS COSTANTINIDES TRADING CO. LTD
A88: =+D88-S88 | C88: 45418 | D88: 1 | E88: FUCILE DOPPIETTA | F88: 12 | G88: ARTIGIANALE | H88: N/D | I88: 25204 | J88: N/D | K88: N/D | L88: G.U.N. SNC DI SACCHI G & C. | M88: 10 | O88: =+M88+N88 | R88: 16 | S88: 1 | T88: CA42796IR | U88: 45821 | V88: 12 | W88: 45821 | X88: PHILIPPOS COSTANTINIDES TRADING CO. LTD
A89: =+D89-S89 | C89: 45418 | D89: 1 | E89: FUCILE DOPPIETTA | F89: 16 | G89: CERRAI PICCINALI | H89: N/D | I89: 1728 | J89: N/D | K89: N/D | L89: G.U.N. SNC DI SACCHI G & C. | M89: 10 | O89: =+M89+N89 | R89: 16 | S89: 1 | T89: CA42796IR | U89: 45821 | V89: 15 | W89: 45821 | X89: PHILIPPOS COSTANTINIDES TRADING CO. LTD
A90: =+D90-S90 | C90: 45418 | D90: 1 | E90: FUCILE DOPPIETTA | F90: 12 | G90: BERETTA | H90: N/D | I90: 566 | J90: N/D | K90: N/D | L90: G.U.N. SNC DI SACCHI G & C. | M90: 10 | O90: =+M90+N90 | R90: 16 | S90: 1 | T90: CA42796IR | U90: 45821 | V90: 12 | W90: 45821 | X90: PHILIPPOS COSTANTINIDES TRADING CO. LTD
A91: =+D91-S91 | C91: 45418 | D91: 1 | E91: FUCILE DOPPIETTA | F91: 12 | G91: ARTIGIANALE | H91: N/D | I91: 1348 | J91: N/D | K91: N/D | L91: G.U.N. SNC DI SACCHI G & C. | M91: 10 | O91: =+M91+N91 | R91: 16 | S91: 1 | T91: CA42796IR | U91: 45821 | V91: 12 | W91: 45821 | X91: PHILIPPOS COSTANTINIDES TRADING CO. LTD
A92: =+D92-S92 | C92: 45418 | D92: 1 | E92: FUCILE SOVRAPPOSTO | F92: 12 | G92: BERETTA | H92: N/D | I92: 51168 | J92: N/D | K92: N/D | L92: G.U.N. SNC DI SACCHI G & C. | M92: 100 | O92: =+M92+N92 | R92: 115 | S92: 1 | T92: CA42796IR | U92: 45821 | V92: 9 | W92: 45821 | X92: PHILIPPOS COSTANTINIDES TRADING CO. LTD
A93: =+D93-S93 | C93: 45418 | D93: 1 | E93: FUCILE SOVRAPPOSTO | F93: 12 | G93: BERETTA | H93: N/D | I93: 1607 | J93: N/D | K93: N/D | L93: G.U.N. SNC DI SACCHI G & C. | M93: 140 | O93: =+M93+N93 | R93: 159 | S93: 1 | T93: CA42796IR | U93: 45821 | V93: 9 | W93: 45821 | X93: PHILIPPOS COSTANTINIDES TRADING CO. LTD
A94: =+D94-S94 | C94: 45418 | D94: 1 | E94: FUCILE SOVRAPPOSTO | F94: 12 | G94: FRANCHI | H94: N/D | I94: 5154481 | J94: N/D | K94: N/D | L94: G.U.N. SNC DI SACCHI G & C. | M94: 150 | O94: =+M94+N94 | R94: 170 | S94: 1 | T94: CA42796IR | U94: 45821 | V94: 9 | W94: 45821 | X94: PHILIPPOS COSTANTINIDES TRADING CO. LTD
A95: =+D95-S95 | C95: 45418 | D95: 1 | E95: FUCILE SOVRAPPOSTO | F95: 12 | G95: WINCHESTER | H95: N/D | I95: K379455 | J95: N/D | K95: N/D | L95: G.U.N. SNC DI SACCHI G & C. | M95: 150 | O95: =+M95+N95 | R95: 170 | S95: 1 | T95: CA42796IR | U95: 45821 | V95: 9 | W95: 45821 | X95: PHILIPPOS COSTANTINIDES TRADING CO. LTD
A96: =+D96-S96 | C96: 45418 | D96: 1 | E96: FUCILE SEMIAUTOMATICO | F96: 12 | G96: BERETTA | H96: N/D | I96: B9438 | J96: C162273 | K96: N/D | L96: G.U.N. SNC DI SACCHI G & C. | M96: 150 | O96: =+M96+N96 | R96: 172 | S96: 1 | U96: 45481 | V96: 12 | W96: 45481 | X96: BRESCIA MIDDLE EAST SAL
A97: =+D97-S97 | C97: 45427 | D97: 1 | E97: FUCILE SOVRAPPOSTO | F97: 20 | G97: BERETTA | H97: 686 | I97: X15013 | J97: N/D | K97: N/D | L97: ARMERIA PARINI SRL | M97: 390 | O97: =+M97+N97 | R97: 431 | S97: 1 | T97: CA42796IR | U97: 45821 | V97: 9 | W97: 45821 | X97: PHILIPPOS COSTANTINIDES TRADING CO. LTD
A98: =+D98-S98 | C98: 45427 | D98: 1 | E98: FUCILE SOVRAPPOSTO | F98: 12 | G98: BERETTA | H98: 686 | I98: C97578B | J98: N/D | K98: N/D | L98: ARMERIA PARINI SRL | M98: 400 | O98: =+M98+N98 | R98: 442 | S98: 1 | T98: CA42796IR | U98: 45821 | V98: 9 | W98: 45821 | X98: PHILIPPOS COSTANTINIDES TRADING CO. LTD
A99: =+D99-S99 | C99: 45427 | D99: 1 | E99: FUCILE SOVRAPPOSTO | F99: 12 | G99: BERETTA | H99: S 56 | I99: 41954 | J99: N/D | K99: N/D | L99: ARMERIA PARINI SRL | M99: 240 | O99: =+M99+N99 | R99: 266 | S99: 1 | T99: CA42796IR | U99: 45821 | V99: 9 | W99: 45821 | X99: PHILIPPOS COSTANTINIDES TRADING CO. LTD
A100: =+D100-S100 | C100: 45427 | D100: 1 | E100: FUCILE SOVRAPPOSTO | F100: 12 | G100: BERETTA | H100: S 55 | I100: 69982 | J100: N/D | K100: N/D | L100: ARMERIA PARINI SRL | M100: 230 | O100: =+M100+N100 | R100: 255 | S100: 1 | T100: CA42796IR | U100: 45821 | V100: 9 | W100: 45821 | X100: PHILIPPOS COSTANTINIDES TRADING CO. LTD
A101: =+D101-S101 | C101: 45427 | D101: 1 | E101: FUCILE SOVRAPPOSTO | F101: 12 | G101: BERETTA | H101: S 56 | I101: 55207 | J101: N/D | K101: N/D | L101: ARMERIA PARINI SRL | M101: 240 | O101: =+M101+N101 | R101: 266 | S101: 1 | T101: CA42796IR | U101: 45821 | V101: 9 | W101: 45821 | X101: PHILIPPOS COSTANTINIDES TRADING CO. LTD
A102: =+D102-S102 | C102: 45427 | D102: 1 | E102: FUCILE SOVRAPPOSTO | F102: 12 | G102: BERETTA | H102: S 55 | I102: B57572B | J102: N/D | K102: N/D | L102: ARMERIA PARINI SRL | M102: 260 | O102: =+M102+N102 | R102: 288 | S102: 1 | T102: CA42796IR | U102: 45821 | V102: 9 | W102: 45821 | X102: PHILIPPOS COSTANTINIDES TRADING CO. LTD
A103: =+D103-S103 | C103: 45427 | D103: 1 | E103: FUCILE SOVRAPPOSTO | F103: 12 | G103: BERETTA | H103: S 55 | I103: 76538 | J103: N/D | K103: N/D | L103: ARMERIA PARINI SRL | M103: 210 | O103: =+M103+N103 | R103: 233 | S103: 1 | T103: CA42796IR | U103: 45821 | V103: 9 | W103: 45821 | X103: PHILIPPOS COSTANTINIDES TRADING CO. LTD
A104: =+D104-S104 | C104: 45421 | D104: 1 | E104: PISTOLA SEMIAUTOMATICA | F104: 7.65 | G104: BERETTA | H104: 81 | I104: D67007W | J104: N/D | K104: N/D | L104: ARMERIA BRIGNOLI SILVIO & C SNC | M104: 100 | O104: =+M104+N104
A105: =+D105-S105 | C105: 45421 | D105: 1 | E105: CANNA PER PISTOLA | F105: 9X19 | G105: BERETTA | H105: SEMIAUTOMATICA PISTOL 92 | I105: R48748Z | J105: N/D | K105: N/D | L105: ARMERIA BRIGNOLI SILVIO & C SNC | M105: 190 | O105: =+M105+N105
A106: =+D106-S106 | C106: 45421 | D106: 1 | E106: CANNA PER PISTOLA | F106: 9X19 | G106: BERETTA | H106: SEMIAUTOMATICA PISTOL 92 | I106: R48746Z | J106: N/D | K106: N/D | L106: ARMERIA BRIGNOLI SILVIO & C SNC | M106: 190 | O106: =+M106+N106
A107: =+D107-S107 | C107: 45421 | D107: 1 | E107: CANNA PER PISTOLA | F107: 9X19 | G107: BERETTA | H107: SEMIAUTOMATICA PISTOL 92 | I107: R48759Z | J107: N/D | K107: N/D | L107: ARMERIA BRIGNOLI SILVIO & C SNC | M107: 190 | O107: =+M107+N107
A108: =+D108-S108 | C108: 45421 | D108: 1 | E108: PISTOLA SEMIAUTOMATICA | F108: 9X19 | G108: BERETTA | H108: 92 | I108: A332520Z | J108: N/D | K108: N/D | L108: ARMERIA BRIGNOLI SILVIO & C SNC | M108: 580 | O108: =+M108+N108 | R108: 609 | S108: 1 | T108: CA04954OS | U108: 45874 | V108: 25 | W108: 45874 | X108: PHILIPPOS COSTANTINIDES TRADING CO. LTD
...

Sheet REGISTRO
A1: CARICO | N1: SCARICO
A2: N. OPERAZIONE | B2: DATA | C2: N. ARMI | D2: ARMA | K2: FABBRICANTE O VENDITORE | L2: PREZZO | M2: NOTE | N2: DATA | O2: ACQUIRENTE | P2: TITOLO DI ACQUISTO
D3: TIPOLOGIA | E3: CALIBRO | F3: MARCA | G3: MODELLO | H3: MATR. ARMA | I3: MATR. CANNA | J3: MATR. AGG. | L3: €
A4: 2334 | B4: =+VLOOKUP($A4,MAGAZZINO!$B$2:$M$100000,2,FALSE) | C4: =+VLOOKUP($A4,MAGAZZINO!$B$2:$M$100000,3,FALSE) | D4: =+VLOOKUP($A4,MAGAZZINO!$B$2:$M$100000,4,FALSE) | E4: =+VLOOKUP($A4,MAGAZZINO!$B$2:$M$100000,5,FALSE) | F4: =+VLOOKUP($A4,MAGAZZINO!$B$2:$M$100000,6,FALSE) | G4: =+VLOOKUP($A4,MAGAZZINO!$B$2:$M$100000,7,FALSE) | H4: =+VLOOKUP($A4,MAGAZZINO!$B$2:$M$100000,8,FALSE) | I4: =+VLOOKUP($A4,MAGAZZINO!$B$2:$M$100000,9,FALSE) | J4: =+VLOOKUP($A4,MAGAZZINO!$B$2:$M$100000,10,FALSE) | K4: =+VLOOKUP($A4,MAGAZZINO!$B$2:$M$100000,11,FALSE) | L4: =+VLOOKUP($A4,MAGAZZINO!$B$2:$M$100000,12,FALSE) | N4: 45609 | O4: HS & LLC (OMAN) | P4: IMPORT LICENSE N. 24/1/2463/1/2024 DEL 05/05/2024 AUT. ESPORTAZIONE MULTIPLA N. 6B/2024/2M RILASCIATA IL 30/07/2024 (LICENZA DI SCARICO N. 6B/2024/1S RILASCIATA IL 06/11/2024)
A5: 2335 | B5: =+VLOOKUP($A5,MAGAZZINO!$B$2:$M$100000,2,FALSE) | C5: =+VLOOKUP($A5,MAGAZZINO!$B$2:$M$100000,3,FALSE) | D5: =+VLOOKUP($A5,MAGAZZINO!$B$2:$M$100000,4,FALSE) | E5: =+VLOOKUP($A5,MAGAZZINO!$B$2:$M$100000,5,FALSE) | F5: =+VLOOKUP($A5,MAGAZZINO!$B$2:$M$100000,6,FALSE) | G5: =+VLOOKUP($A5,MAGAZZINO!$B$2:$M$100000,7,FALSE) | H5: =+VLOOKUP($A5,MAGAZZINO!$B$2:$M$100000,8,FALSE) | I5: =+VLOOKUP($A5,MAGAZZINO!$B$2:$M$100000,9,FALSE) | J5: =+VLOOKUP($A5,MAGAZZINO!$B$2:$M$100000,10,FALSE) | K5: =+VLOOKUP($A5,MAGAZZINO!$B$2:$M$100000,11,FALSE) | L5: =+VLOOKUP($A5,MAGAZZINO!$B$2:$M$100000,12,FALSE) | N5: 45609 | O5: HS & LLC (OMAN) | P5: IMPORT LICENSE N. 24/1/2463/1/2024 DEL 05/05/2024 AUT. ESPORTAZIONE MULTIPLA N. 6B/2024/2M RILASCIATA IL 30/07/2024 (LICENZA DI SCARICO N. 6B/2024/1S RILASCIATA IL 06/11/2024)
A6: 2336 | B6: =+VLOOKUP($A6,MAGAZZINO!$B$2:$M$100000,2,FALSE) | C6: =+VLOOKUP($A6,MAGAZZINO!$B$2:$M$100000,3,FALSE) | D6: =+VLOOKUP($A6,MAGAZZINO!$B$2:$M$100000,4,FALSE) | E6: =+VLOOKUP($A6,MAGAZZINO!$B$2:$M$100000,5,FALSE) | F6: =+VLOOKUP($A6,MAGAZZINO!$B$2:$M$100000,6,FALSE) | G6: =+VLOOKUP($A6,MAGAZZINO!$B$2:$M$100000,7,FALSE) | H6: =+VLOOKUP($A6,MAGAZZINO!$B$2:$M$100000,8,FALSE) | I6: =+VLOOKUP($A6,MAGAZZINO!$B$2:$M$100000,9,FALSE) | J6: =+VLOOKUP($A6,MAGAZZINO!$B$2:$M$100000,10,FALSE) | K6: =+VLOOKUP($A6,MAGAZZINO!$B$2:$M$100000,11,FALSE) | L6: =+VLOOKUP($A6,MAGAZZINO!$B$2:$M$100000,12,FALSE) | N6: 45609 | O6: HS & LLC (OMAN) | P6: IMPORT LICENSE N. 24/1/2463/1/2024 DEL 05/05/2024 AUT. ESPORTAZIONE MULTIPLA N. 6B/2024/2M RILASCIATA IL 30/07/2024 (LICENZA DI SCARICO N. 6B/2024/1S RILASCIATA IL 06/11/2024)
A7: 2337 | B7: =+VLOOKUP($A7,MAGAZZINO!$B$2:$M$100000,2,FALSE) | C7: =+VLOOKUP($A7,MAGAZZINO!$B$2:$M$100000,3,FALSE) | D7: =+VLOOKUP($A7,MAGAZZINO!$B$2:$M$100000,4,FALSE) | E7: =+VLOOKUP($A7,MAGAZZINO!$B$2:$M$100000,5,FALSE) | F7: =+VLOOKUP($A7,MAGAZZINO!$B$2:$M$100000,6,FALSE) | G7: =+VLOOKUP($A7,MAGAZZINO!$B$2:$M$100000,7,FALSE) | H7: =+VLOOKUP($A7,MAGAZZINO!$B$2:$M$100000,8,FALSE) | I7: =+VLOOKUP($A7,MAGAZZINO!$B$2:$M$100000,9,FALSE) | J7: =+VLOOKUP($A7,MAGAZZINO!$B$2:$M$100000,10,FALSE) | K7: =+VLOOKUP($A7,MAGAZZINO!$B$2:$M$100000,11,FALSE) | L7: =+VLOOKUP($A7,MAGAZZINO!$B$2:$M$100000,12,FALSE) | N7: 45609 | O7: HS & LLC (OMAN) | P7: IMPORT LICENSE N. 24/1/2463/1/2024 DEL 05/05/2024 AUT. ESPORTAZIONE MULTIPLA N. 6B/2024/2M RILASCIATA IL 30/07/2024 (LICENZA DI SCARICO N. 6B/2024/1S RILASCIATA IL 06/11/2024)
A8: 2338 | B8: =+VLOOKUP($A8,MAGAZZINO!$B$2:$M$100000,2,FALSE) | C8: =+VLOOKUP($A8,MAGAZZINO!$B$2:$M$100000,3,FALSE) | D8: =+VLOOKUP($A8,MAGAZZINO!$B$2:$M$100000,4,FALSE) | E8: =+VLOOKUP($A8,MAGAZZINO!$B$2:$M$100000,5,FALSE) | F8: =+VLOOKUP($A8,MAGAZZINO!$B$2:$M$100000,6,FALSE) | G8: =+VLOOKUP($A8,MAGAZZINO!$B$2:$M$100000,7,FALSE) | H8: =+VLOOKUP($A8,MAGAZZINO!$B$2:$M$100000,8,FALSE) | I8: =+VLOOKUP($A8,MAGAZZINO!$B$2:$M$100000,9,FALSE) | J8: =+VLOOKUP($A8,MAGAZZINO!$B$2:$M$100000,10,FALSE) | K8: =+VLOOKUP($A8,MAGAZZINO!$B$2:$M$100000,11,FALSE) | L8: =+VLOOKUP($A8,MAGAZZINO!$B$2:$M$100000,12,FALSE) | N8: 45609 | O8: HS & LLC (OMAN) | P8: IMPORT LICENSE N. 24/1/2463/1/2024 DEL 05/05/2024 AUT. ESPORTAZIONE MULTIPLA N. 6B/2024/2M RILASCIATA IL 30/07/2024 (LICENZA DI SCARICO N. 6B/2024/1S RILASCIATA IL 06/11/2024)
A9: 2339 | B9: =+VLOOKUP($A9,MAGAZZINO!$B$2:$M$100000,2,FALSE) | C9: =+VLOOKUP($A9,MAGAZZINO!$B$2:$M$100000,3,FALSE) | D9: =+VLOOKUP($A9,MAGAZZINO!$B$2:$M$100000,4,FALSE) | E9: =+VLOOKUP($A9,MAGAZZINO!$B$2:$M$100000,5,FALSE) | F9: =+VLOOKUP($A9,MAGAZZINO!$B$2:$M$100000,6,FALSE) | G9: =+VLOOKUP($A9,MAGAZZINO!$B$2:$M$100000,7,FALSE) | H9: =+VLOOKUP($A9,MAGAZZINO!$B$2:$M$100000,8,FALSE) | I9: =+VLOOKUP($A9,MAGAZZINO!$B$2:$M$100000,9,FALSE) | J9: =+VLOOKUP($A9,MAGAZZINO!$B$2:$M$100000,10,FALSE) | K9: =+VLOOKUP($A9,MAGAZZINO!$B$2:$M$100000,11,FALSE) | L9: =+VLOOKUP($A9,MAGAZZINO!$B$2:$M$100000,12,FALSE) | N9: 45609 | O9: HS & LLC (OMAN) | P9: IMPORT LICENSE N. 24/1/2463/1/2024 DEL 05/05/2024 AUT. ESPORTAZIONE MULTIPLA N. 6B/2024/2M RILASCIATA IL 30/07/2024 (LICENZA DI SCARICO N. 6B/2024/1S RILASCIATA IL 06/11/2024)
A10: 2340 | B10: =+VLOOKUP($A10,MAGAZZINO!$B$2:$M$100000,2,FALSE) | C10: =+VLOOKUP($A10,MAGAZZINO!$B$2:$M$100000,3,FALSE) | D10: =+VLOOKUP($A10,MAGAZZINO!$B$2:$M$100000,4,FALSE) | E10: =+VLOOKUP($A10,MAGAZZINO!$B$2:$M$100000,5,FALSE) | F10: =+VLOOKUP($A10,MAGAZZINO!$B$2:$M$100000,6,FALSE) | G10: =+VLOOKUP($A10,MAGAZZINO!$B$2:$M$100000,7,FALSE) | H10: =+VLOOKUP($A10,MAGAZZINO!$B$2:$M$100000,8,FALSE) | I10: =+VLOOKUP($A10,MAGAZZINO!$B$2:$M$100000,9,FALSE) | J10: =+VLOOKUP($A10,MAGAZZINO!$B$2:$M$100000,10,FALSE) | K10: =+VLOOKUP($A10,MAGAZZINO!$B$2:$M$100000,11,FALSE) | L10: =+VLOOKUP($A10,MAGAZZINO!$B$2:$M$100000,12,FALSE) | N10: 45609 | O10: HS & LLC (OMAN) | P10: IMPORT LICENSE N. 24/1/2463/1/2024 DEL 05/05/2024 AUT. ESPORTAZIONE MULTIPLA N. 6B/2024/2M RILASCIATA IL 30/07/2024 (LICENZA DI SCARICO N. 6B/2024/1S RILASCIATA IL 06/11/2024)
A11: 2341 | B11: =+VLOOKUP($A11,MAGAZZINO!$B$2:$M$100000,2,FALSE) | C11: =+VLOOKUP($A11,MAGAZZINO!$B$2:$M$100000,3,FALSE) | D11: =+VLOOKUP($A11,MAGAZZINO!$B$2:$M$100000,4,FALSE) | E11: =+VLOOKUP($A11,MAGAZZINO!$B$2:$M$100000,5,FALSE) | F11: =+VLOOKUP($A11,MAGAZZINO!$B$2:$M$100000,6,FALSE) | G11: =+VLOOKUP($A11,MAGAZZINO!$B$2:$M$100000,7,FALSE) | H11: =+VLOOKUP($A11,MAGAZZINO!$B$2:$M$100000,8,FALSE) | I11: =+VLOOKUP($A11,MAGAZZINO!$B$2:$M$100000,9,FALSE) | J11: =+VLOOKUP($A11,MAGAZZINO!$B$2:$M$100000,10,FALSE) | K11: =+VLOOKUP($A11,MAGAZZINO!$B$2:$M$100000,11,FALSE) | L11: =+VLOOKUP($A11,MAGAZZINO!$B$2:$M$100000,12,FALSE) | N11: 45609 | O11: HS & LLC (OMAN) | P11: IMPORT LICENSE N. 24/1/2463/1/2024 DEL 05/05/2024 AUT. ESPORTAZIONE MULTIPLA N. 6B/2024/2M RILASCIATA IL 30/07/2024 (LICENZA DI SCARICO N. 6B/2024/1S RILASCIATA IL 06/11/2024)
A12: 2342 | B12: =+VLOOKUP($A12,MAGAZZINO!$B$2:$M$100000,2,FALSE) | C12: =+VLOOKUP($A12,MAGAZZINO!$B$2:$M$100000,3,FALSE) | D12: =+VLOOKUP($A12,MAGAZZINO!$B$2:$M$100000,4,FALSE) | E12: =+VLOOKUP($A12,MAGAZZINO!$B$2:$M$100000,5,FALSE) | F12: =+VLOOKUP($A12,MAGAZZINO!$B$2:$M$100000,6,FALSE) | G12: =+VLOOKUP($A12,MAGAZZINO!$B$2:$M$100000,7,FALSE) | H12: =+VLOOKUP($A12,MAGAZZINO!$B$2:$M$100000,8,FALSE) | I12: =+VLOOKUP($A12,MAGAZZINO!$B$2:$M$100000,9,FALSE) | J12: =+VLOOKUP($A12,MAGAZZINO!$B$2:$M$100000,10,FALSE) | K12: =+VLOOKUP($A12,MAGAZZINO!$B$2:$M$100000,11,FALSE) | L12: =+VLOOKUP($A12,MAGAZZINO!$B$2:$M$100000,12,FALSE) | N12: 45609 | O12: HS & LLC (OMAN) | P12: IMPORT LICENSE N. 24/1/2463/1/2024 DEL 05/05/2024 AUT. ESPORTAZIONE MULTIPLA N. 6B/2024/2M RILASCIATA IL 30/07/2024 (LICENZA DI SCARICO N. 6B/2024/1S RILASCIATA IL 06/11/2024)
A13: 2343 | B13: =+VLOOKUP($A13,MAGAZZINO!$B$2:$M$100000,2,FALSE) | C13: =+VLOOKUP($A13,MAGAZZINO!$B$2:$M$100000,3,FALSE) | D13: =+VLOOKUP($A13,MAGAZZINO!$B$2:$M$100000,4,FALSE) | E13: =+VLOOKUP($A13,MAGAZZINO!$B$2:$M$100000,5,FALSE) | F13: =+VLOOKUP($A13,MAGAZZINO!$B$2:$M$100000,6,FALSE) | G13: =+VLOOKUP($A13,MAGAZZINO!$B$2:$M$100000,7,FALSE) | H13: =+VLOOKUP($A13,MAGAZZINO!$B$2:$M$100000,8,FALSE) | I13: =+VLOOKUP($A13,MAGAZZINO!$B$2:$M$100000,9,FALSE) | J13: =+VLOOKUP($A13,MAGAZZINO!$B$2:$M$100000,10,FALSE) | K13: =+VLOOKUP($A13,MAGAZZINO!$B$2:$M$100000,11,FALSE) | L13: =+VLOOKUP($A13,MAGAZZINO!$B$2:$M$100000,12,FALSE) | N13: 45609 | O13: HS & LLC (OMAN) | P13: IMPORT LICENSE N. 24/1/2463/1/2024 DEL 05/05/2024 AUT. ESPORTAZIONE MULTIPLA N. 6B/2024/2M RILASCIATA IL 30/07/2024 (LICENZA DI SCARICO N. 6B/2024/1S RILASCIATA IL 06/11/2024)
A14: 2344 | B14: =+VLOOKUP($A14,MAGAZZINO!$B$2:$M$100000,2,FALSE) | C14: =+VLOOKUP($A14,MAGAZZINO!$B$2:$M$100000,3,FALSE) | D14: =+VLOOKUP($A14,MAGAZZINO!$B$2:$M$100000,4,FALSE) | E14: =+VLOOKUP($A14,MAGAZZINO!$B$2:$M$100000,5,FALSE) | F14: =+VLOOKUP($A14,MAGAZZINO!$B$2:$M$100000,6,FALSE) | G14: =+VLOOKUP($A14,MAGAZZINO!$B$2:$M$100000,7,FALSE) | H14: =+VLOOKUP($A14,MAGAZZINO!$B$2:$M$100000,8,FALSE) | I14: =+VLOOKUP($A14,MAGAZZINO!$B$2:$M$100000,9,FALSE) | J14: =+VLOOKUP($A14,MAGAZZINO!$B$2:$M$100000,10,FALSE) | K14: =+VLOOKUP($A14,MAGAZZINO!$B$2:$M$100000,11,FALSE) | L14: =+VLOOKUP($A14,MAGAZZINO!$B$2:$M$100000,12,FALSE) | N14: 45609 | O14: HS & LLC (OMAN) | P14: IMPORT LICENSE N. 24/1/2463/1/2024 DEL 05/05/2024 AUT. ESPORTAZIONE MULTIPLA N. 6B/2024/2M RILASCIATA IL 30/07/2024 (LICENZA DI SCARICO N. 6B/2024/1S RILASCIATA IL 06/11/2024)
A15: 2345 | B15: =+VLOOKUP($A15,MAGAZZINO!$B$2:$M$100000,2,FALSE) | C15: =+VLOOKUP($A15,MAGAZZINO!$B$2:$M$100000,3,FALSE) | D15: =+VLOOKUP($A15,MAGAZZINO!$B$2:$M$100000,4,FALSE) | E15: =+VLOOKUP($A15,MAGAZZINO!$B$2:$M$100000,5,FALSE) | F15: =+VLOOKUP($A15,MAGAZZINO!$B$2:$M$100000,6,FALSE) | G15: =+VLOOKUP($A15,MAGAZZINO!$B$2:$M$100000,7,FALSE) | H15: =+VLOOKUP($A15,MAGAZZINO!$B$2:$M$100000,8,FALSE) | I15: =+VLOOKUP($A15,MAGAZZINO!$B$2:$M$100000,9,FALSE) | J15: =+VLOOKUP($A15,MAGAZZINO!$B$2:$M$100000,10,FALSE) | K15: =+VLOOKUP($A15,MAGAZZINO!$B$2:$M$100000,11,FALSE) | L15: =+VLOOKUP($A15,MAGAZZINO!$B$2:$M$100000,12,FALSE) | N15: 45609 | O15: HS & LLC (OMAN) | P15: IMPORT LICENSE N. 24/1/2463/1/2024 DEL 05/05/2024 AUT. ESPORTAZIONE MULTIPLA N. 6B/2024/2M RILASCIATA IL 30/07/2024 (LICENZA DI SCARICO N. 6B/2024/1S RILASCIATA IL 06/11/2024)
A16: 2346 | B16: =+VLOOKUP($A16,MAGAZZINO!$B$2:$M$100000,2,FALSE) | C16: =+VLOOKUP($A16,MAGAZZINO!$B$2:$M$100000,3,FALSE) | D16: =+VLOOKUP($A16,MAGAZZINO!$B$2:$M$100000,4,FALSE) | E16: =+VLOOKUP($A16,MAGAZZINO!$B$2:$M$100000,5,FALSE) | F16: =+VLOOKUP($A16,MAGAZZINO!$B$2:$M$100000,6,FALSE) | G16: =+VLOOKUP($A16,MAGAZZINO!$B$2:$M$100000,7,FALSE) | H16: =+VLOOKUP($A16,MAGAZZINO!$B$2:$M$100000,8,FALSE) | I16: =+VLOOKUP($A16,MAGAZZINO!$B$2:$M$100000,9,FALSE) | J16: =+VLOOKUP($A16,MAGAZZINO!$B$2:$M$100000,10,FALSE) | K16: =+VLOOKUP($A16,MAGAZZINO!$B$2:$M$100000,11,FALSE) | L16: =+VLOOKUP($A16,MAGAZZINO!$B$2:$M$100000,12,FALSE) | N16: 45609 | O16: HS & LLC (OMAN) | P16: IMPORT LICENSE N. 24/1/2463/1/2024 DEL 05/05/2024 AUT. ESPORTAZIONE MULTIPLA N. 6B/2024/2M RILASCIATA IL 30/07/2024 (LICENZA DI SCARICO N. 6B/2024/1S RILASCIATA IL 06/11/2024)
A17: 2347 | B17: =+VLOOKUP($A17,MAGAZZINO!$B$2:$M$100000,2,FALSE) | C17: =+VLOOKUP($A17,MAGAZZINO!$B$2:$M$100000,3,FALSE) | D17: =+VLOOKUP($A17,MAGAZZINO!$B$2:$M$100000,4,FALSE) | E17: =+VLOOKUP($A17,MAGAZZINO!$B$2:$M$100000,5,FALSE) | F17: =+VLOOKUP($A17,MAGAZZINO!$B$2:$M$100000,6,FALSE) | G17: =+VLOOKUP($A17,MAGAZZINO!$B$2:$M$100000,7,FALSE) | H17: =+VLOOKUP($A17,MAGAZZINO!$B$2:$M$100000,8,FALSE) | I17: =+VLOOKUP($A17,MAGAZZINO!$B$2:$M$100000,9,FALSE) | J17: =+VLOOKUP($A17,MAGAZZINO!$B$2:$M$100000,10,FALSE) | K17: =+VLOOKUP($A17,MAGAZZINO!$B$2:$M$100000,11,FALSE) | L17: =+VLOOKUP($A17,MAGAZZINO!$B$2:$M$100000,12,FALSE) | N17: 08/11/2024 12/11/2024 13/11/2024 | O17: BRUGAR SRL MARCHENO (BS) B.C.W. SRL RIPRESO IN CARICO HS & LLC (OMAN) | P17: D.D.T. N. 15 DEL 08/11/2024 ATA N. 10 DEL 05/11/2024 D.D.T. N. 2024-1820/M RIPRESO IN CARICO ATA N. 6C-P06012400011801 DEL 08/11/2024 IMPORT LICENSE N. 24/1/2463/1/2024 DEL 05/05/2024 AUT. ESPORTAZIONE MULTIPLA N. 6B/2024/2M RILASCIATA IL 30/07/2024 (LICENZA DI SCARICO N. 6B/2024/1S RILASCIATA IL N. /11/2024)
A18: 2348 | B18: =+VLOOKUP($A18,MAGAZZINO!$B$2:$M$100000,2,FALSE) | C18: =+VLOOKUP($A18,MAGAZZINO!$B$2:$M$100000,3,FALSE) | D18: =+VLOOKUP($A18,MAGAZZINO!$B$2:$M$100000,4,FALSE) | E18: =+VLOOKUP($A18,MAGAZZINO!$B$2:$M$100000,5,FALSE) | F18: =+VLOOKUP($A18,MAGAZZINO!$B$2:$M$100000,6,FALSE) | G18: =+VLOOKUP($A18,MAGAZZINO!$B$2:$M$100000,7,FALSE) | H18: =+VLOOKUP($A18,MAGAZZINO!$B$2:$M$100000,8,FALSE) | I18: =+VLOOKUP($A18,MAGAZZINO!$B$2:$M$100000,9,FALSE) | J18: =+VLOOKUP($A18,MAGAZZINO!$B$2:$M$100000,10,FALSE) | K18: =+VLOOKUP($A18,MAGAZZINO!$B$2:$M$100000,11,FALSE) | L18: =+VLOOKUP($A18,MAGAZZINO!$B$2:$M$100000,12,FALSE) | N18: 08/11/2024 12/11/2024 13/11/2024 | O18: BRUGAR SRL MARCHENO (BS) B.C.W. SRL RIPRESO IN CARICO HS & LLC (OMAN) | P18: D.D.T. N. 15 DEL 08/11/2024 ATA N. 10 DEL 05/11/2024 D.D.T. N. 2024-1820/M RIPRESO IN CARICO ATA N. 6C-P06012400011801 DEL 08/11/2024 IMPORT LICENSE N. 24/1/2463/1/2024 DEL 05/05/2024 AUT. ESPORTAZIONE MULTIPLA N. 6B/2024/2M RILASCIATA IL 30/07/2024 (LICENZA DI SCARICO N. 6B/2024/1S RILASCIATA IL N. /11/2024)
A19: 2349 | B19: =+VLOOKUP($A19,MAGAZZINO!$B$2:$M$100000,2,FALSE) | C19: =+VLOOKUP($A19,MAGAZZINO!$B$2:$M$100000,3,FALSE) | D19: =+VLOOKUP($A19,MAGAZZINO!$B$2:$M$100000,4,FALSE) | E19: =+VLOOKUP($A19,MAGAZZINO!$B$2:$M$100000,5,FALSE) | F19: =+VLOOKUP($A19,MAGAZZINO!$B$2:$M$100000,6,FALSE) | G19: =+VLOOKUP($A19,MAGAZZINO!$B$2:$M$100000,7,FALSE) | H19: =+VLOOKUP($A19,MAGAZZINO!$B$2:$M$100000,8,FALSE) | I19: =+VLOOKUP($A19,MAGAZZINO!$B$2:$M$100000,9,FALSE) | J19: =+VLOOKUP($A19,MAGAZZINO!$B$2:$M$100000,10,FALSE) | K19: =+VLOOKUP($A19,MAGAZZINO!$B$2:$M$100000,11,FALSE) | L19: =+VLOOKUP($A19,MAGAZZINO!$B$2:$M$100000,12,FALSE) | N19: 45609 | O19: HS & LLC (OMAN) | P19: IMPORT LICENSE N. 24/1/2463/1/2024 DEL 05/05/2024 AUT. ESPORTAZIONE MULTIPLA N. 6B/2024/2M RILASCIATA IL 30/07/2024 (LICENZA DI SCARICO N. 6B/2024/1S RILASCIATA IL 06/11/2024)
A20: 2350 | B20: =+VLOOKUP($A20,MAGAZZINO!$B$2:$M$100000,2,FALSE) | C20: =+VLOOKUP($A20,MAGAZZINO!$B$2:$M$100000,3,FALSE) | D20: =+VLOOKUP($A20,MAGAZZINO!$B$2:$M$100000,4,FALSE) | E20: =+VLOOKUP($A20,MAGAZZINO!$B$2:$M$100000,5,FALSE) | F20: =+VLOOKUP($A20,MAGAZZINO!$B$2:$M$100000,6,FALSE) | G20: =+VLOOKUP($A20,MAGAZZINO!$B$2:$M$100000,7,FALSE) | H20: =+VLOOKUP($A20,MAGAZZINO!$B$2:$M$100000,8,FALSE) | I20: =+VLOOKUP($A20,MAGAZZINO!$B$2:$M$100000,9,FALSE) | J20: =+VLOOKUP($A20,MAGAZZINO!$B$2:$M$100000,10,FALSE) | K20: =+VLOOKUP($A20,MAGAZZINO!$B$2:$M$100000,11,FALSE) | L20: =+VLOOKUP($A20,MAGAZZINO!$B$2:$M$100000,12,FALSE) | N20: 45609 | O20: HS & LLC (OMAN) | P20: IMPORT LICENSE N. 24/1/2463/1/2024 DEL 05/05/2024 AUT. ESPORTAZIONE MULTIPLA N. 6B/2024/2M RILASCIATA IL 30/07/2024 (LICENZA DI SCARICO N. 6B/2024/1S RILASCIATA IL 06/11/2024)
A21: 2351 | B21: =+VLOOKUP($A21,MAGAZZINO!$B$2:$M$100000,2,FALSE) | C21: =+VLOOKUP($A21,MAGAZZINO!$B$2:$M$100000,3,FALSE) | D21: =+VLOOKUP($A21,MAGAZZINO!$B$2:$M$100000,4,FALSE) | E21: =+VLOOKUP($A21,MAGAZZINO!$B$2:$M$100000,5,FALSE) | F21: =+VLOOKUP($A21,MAGAZZINO!$B$2:$M$100000,6,FALSE) | G21: =+VLOOKUP($A21,MAGAZZINO!$B$2:$M$100000,7,FALSE) | H21: =+VLOOKUP($A21,MAGAZZINO!$B$2:$M$100000,8,FALSE) | I21: =+VLOOKUP($A21,MAGAZZINO!$B$2:$M$100000,9,FALSE) | J21: =+VLOOKUP($A21,MAGAZZINO!$B$2:$M$100000,10,FALSE) | K21: =+VLOOKUP($A21,MAGAZZINO!$B$2:$M$100000,11,FALSE) | L21: =+VLOOKUP($A21,MAGAZZINO!$B$2:$M$100000,12,FALSE) | N21: 45609 | O21: HS & LLC (OMAN) | P21: IMPORT LICENSE N. 24/1/2463/1/2024 DEL 05/05/2024 AUT. ESPORTAZIONE MULTIPLA N. 6B/2024/2M RILASCIATA IL 30/07/2024 (LICENZA DI SCARICO N. 6B/2024/1S RILASCIATA IL 06/11/2024)
A22: 2352 | B22: =+VLOOKUP($A22,MAGAZZINO!$B$2:$M$100000,2,FALSE) | C22: =+VLOOKUP($A22,MAGAZZINO!$B$2:$M$100000,3,FALSE) | D22: =+VLOOKUP($A22,MAGAZZINO!$B$2:$M$100000,4,FALSE) | E22: =+VLOOKUP($A22,MAGAZZINO!$B$2:$M$100000,5,FALSE) | F22: =+VLOOKUP($A22,MAGAZZINO!$B$2:$M$100000,6,FALSE) | G22: =+VLOOKUP($A22,MAGAZZINO!$B$2:$M$100000,7,FALSE) | H22: =+VLOOKUP($A22,MAGAZZINO!$B$2:$M$100000,8,FALSE) | I22: =+VLOOKUP($A22,MAGAZZINO!$B$2:$M$100000,9,FALSE) | J22: =+VLOOKUP($A22,MAGAZZINO!$B$2:$M$100000,10,FALSE) | K22: =+VLOOKUP($A22,MAGAZZINO!$B$2:$M$100000,11,FALSE) | L22: =+VLOOKUP($A22,MAGAZZINO!$B$2:$M$100000,12,FALSE) | N22: 45609 | O22: HS & LLC (OMAN) | P22: IMPORT LICENSE N. 24/1/2463/1/2024 DEL 05/05/2024 AUT. ESPORTAZIONE MULTIPLA N. 6B/2024/2M RILASCIATA IL 30/07/2024 (LICENZA DI SCARICO N. 6B/2024/1S RILASCIATA IL 06/11/2024)
A23: 2353 | B23: =+VLOOKUP($A23,MAGAZZINO!$B$2:$M$100000,2,FALSE) | C23: =+VLOOKUP($A23,MAGAZZINO!$B$2:$M$100000,3,FALSE) | D23: =+VLOOKUP($A23,MAGAZZINO!$B$2:$M$100000,4,FALSE) | E23: =+VLOOKUP($A23,MAGAZZINO!$B$2:$M$100000,5,FALSE) | F23: =+VLOOKUP($A23,MAGAZZINO!$B$2:$M$100000,6,FALSE) | G23: =+VLOOKUP($A23,MAGAZZINO!$B$2:$M$100000,7,FALSE) | H23: =+VLOOKUP($A23,MAGAZZINO!$B$2:$M$100000,8,FALSE) | I23: =+VLOOKUP($A23,MAGAZZINO!$B$2:$M$100000,9,FALSE) | J23: =+VLOOKUP($A23,MAGAZZINO!$B$2:$M$100000,10,FALSE) | K23: =+VLOOKUP($A23,MAGAZZINO!$B$2:$M$100000,11,FALSE) | L23: =+VLOOKUP($A23,MAGAZZINO!$B$2:$M$100000,12,FALSE) | N23: 45609 | O23: HS & LLC (OMAN) | P23: IMPORT LICENSE N. 24/1/2463/1/2024 DEL 05/05/2024 AUT. ESPORTAZIONE MULTIPLA N. 6B/2024/2M RILASCIATA IL 30/07/2024 (LICENZA DI SCARICO N. 6B/2024/1S RILASCIATA IL 06/11/2024)
A24: 2354 | B24: =+VLOOKUP($A24,MAGAZZINO!$B$2:$M$100000,2,FALSE) | C24: =+VLOOKUP($A24,MAGAZZINO!$B$2:$M$100000,3,FALSE) | D24: =+VLOOKUP($A24,MAGAZZINO!$B$2:$M$100000,4,FALSE) | E24: =+VLOOKUP($A24,MAGAZZINO!$B$2:$M$100000,5,FALSE) | F24: =+VLOOKUP($A24,MAGAZZINO!$B$2:$M$100000,6,FALSE) | G24: =+VLOOKUP($A24,MAGAZZINO!$B$2:$M$100000,7,FALSE) | H24: =+VLOOKUP($A24,MAGAZZINO!$B$2:$M$100000,8,FALSE) | I24: =+VLOOKUP($A24,MAGAZZINO!$B$2:$M$100000,9,FALSE) | J24: =+VLOOKUP($A24,MAGAZZINO!$B$2:$M$100000,10,FALSE) | K24: =+VLOOKUP($A24,MAGAZZINO!$B$2:$M$100000,11,FALSE) | L24: =+VLOOKUP($A24,MAGAZZINO!$B$2:$M$100000,12,FALSE) | N24: 45609 | O24: HS & LLC (OMAN) | P24: IMPORT LICENSE N. 24/1/2463/1/2024 DEL 05/05/2024 AUT. ESPORTAZIONE MULTIPLA N. 6B/2024/2M RILASCIATA IL 30/07/2024 (LICENZA DI SCARICO N. 6B/2024/1S RILASCIATA IL 06/11/2024)
A25: 2355 | B25: =+VLOOKUP($A25,MAGAZZINO!$B$2:$M$100000,2,FALSE) | C25: =+VLOOKUP($A25,MAGAZZINO!$B$2:$M$100000,3,FALSE) | D25: =+VLOOKUP($A25,MAGAZZINO!$B$2:$M$100000,4,FALSE) | E25: =+VLOOKUP($A25,MAGAZZINO!$B$2:$M$100000,5,FALSE) | F25: =+VLOOKUP($A25,MAGAZZINO!$B$2:$M$100000,6,FALSE) | G25: =+VLOOKUP($A25,MAGAZZINO!$B$2:$M$100000,7,FALSE) | H25: =+VLOOKUP($A25,MAGAZZINO!$B$2:$M$100000,8,FALSE) | I25: =+VLOOKUP($A25,MAGAZZINO!$B$2:$M$100000,9,FALSE) | J25: =+VLOOKUP($A25,MAGAZZINO!$B$2:$M$100000,10,FALSE) | K25: =+VLOOKUP($A25,MAGAZZINO!$B$2:$M$100000,11,FALSE) | L25: =+VLOOKUP($A25,MAGAZZINO!$B$2:$M$100000,12,FALSE) | N25: 45609 | O25: HS & LLC (OMAN) | P25: IMPORT LICENSE N. 24/1/2463/1/2024 DEL 05/05/2024 AUT. ESPORTAZIONE MULTIPLA N. 6B/2024/2M RILASCIATA IL 30/07/2024 (LICENZA DI SCARICO N. 6B/2024/1S RILASCIATA IL 06/11/2024)
A26: 2356 | B26: =+VLOOKUP($A26,MAGAZZINO!$B$2:$M$100000,2,FALSE) | C26: =+VLOOKUP($A26,MAGAZZINO!$B$2:$M$100000,3,FALSE) | D26: =+VLOOKUP($A26,MAGAZZINO!$B$2:$M$100000,4,FALSE) | E26: =+VLOOKUP($A26,MAGAZZINO!$B$2:$M$100000,5,FALSE) | F26: =+VLOOKUP($A26,MAGAZZINO!$B$2:$M$100000,6,FALSE) | G26: =+VLOOKUP($A26,MAGAZZINO!$B$2:$M$100000,7,FALSE) | H26: =+VLOOKUP($A26,MAGAZZINO!$B$2:$M$100000,8,FALSE) | I26: =+VLOOKUP($A26,MAGAZZINO!$B$2:$M$100000,9,FALSE) | J26: =+VLOOKUP($A26,MAGAZZINO!$B$2:$M$100000,10,FALSE) | K26: =+VLOOKUP($A26,MAGAZZINO!$B$2:$M$100000,11,FALSE) | L26: =+VLOOKUP($A26,MAGAZZINO!$B$2:$M$100000,12,FALSE) | N26: 45609 | O26: HS & LLC (OMAN) | P26: IMPORT LICENSE N. 24/1/2463/1/2024 DEL 05/05/2024 AUT. ESPORTAZIONE MULTIPLA N. 6B/2024/2M RILASCIATA IL 30/07/2024 (LICENZA DI SCARICO N. 6B/2024/1S RILASCIATA IL 06/11/2024)
A27: 2357 | B27: =+VLOOKUP($A27,MAGAZZINO!$B$2:$M$100000,2,FALSE) | C27: =+VLOOKUP($A27,MAGAZZINO!$B$2:$M$100000,3,FALSE) | D27: =+VLOOKUP($A27,MAGAZZINO!$B$2:$M$100000,4,FALSE) | E27: =+VLOOKUP($A27,MAGAZZINO!$B$2:$M$100000,5,FALSE) | F27: =+VLOOKUP($A27,MAGAZZINO!$B$2:$M$100000,6,FALSE) | G27: =+VLOOKUP($A27,MAGAZZINO!$B$2:$M$100000,7,FALSE) | H27: =+VLOOKUP($A27,MAGAZZINO!$B$2:$M$100000,8,FALSE) | I27: =+VLOOKUP($A27,MAGAZZINO!$B$2:$M$100000,9,FALSE) | J27: =+VLOOKUP($A27,MAGAZZINO!$B$2:$M$100000,10,FALSE) | K27: =+VLOOKUP($A27,MAGAZZINO!$B$2:$M$100000,11,FALSE) | L27: =+VLOOKUP($A27,MAGAZZINO!$B$2:$M$100000,12,FALSE) | N27: 45609 | O27: HS & LLC (OMAN) | P27: IMPORT LICENSE N. 24/1/2463/1/2024 DEL 05/05/2024 AUT. ESPORTAZIONE MULTIPLA N. 6B/2024/2M RILASCIATA IL 30/07/2024 (LICENZA DI SCARICO N. 6B/2024/1S RILASCIATA IL 06/11/2024)
A28: 2358 | B28: =+VLOOKUP($A28,MAGAZZINO!$B$2:$M$100000,2,FALSE) | C28: =+VLOOKUP($A28,MAGAZZINO!$B$2:$M$100000,3,FALSE) | D28: =+VLOOKUP($A28,MAGAZZINO!$B$2:$M$100000,4,FALSE) | E28: =+VLOOKUP($A28,MAGAZZINO!$B$2:$M$100000,5,FALSE) | F28: =+VLOOKUP($A28,MAGAZZINO!$B$2:$M$100000,6,FALSE) | G28: =+VLOOKUP($A28,MAGAZZINO!$B$2:$M$100000,7,FALSE) | H28: =+VLOOKUP($A28,MAGAZZINO!$B$2:$M$100000,8,FALSE) | I28: =+VLOOKUP($A28,MAGAZZINO!$B$2:$M$100000,9,FALSE) | J28: =+VLOOKUP($A28,MAGAZZINO!$B$2:$M$100000,10,FALSE) | K28: =+VLOOKUP($A28,MAGAZZINO!$B$2:$M$100000,11,FALSE) | L28: =+VLOOKUP($A28,MAGAZZINO!$B$2:$M$100000,12,FALSE) | N28: 45609 | O28: HS & LLC (OMAN) | P28: IMPORT LICENSE N. 24/1/2463/1/2024 DEL 05/05/2024 AUT. ESPORTAZIONE MULTIPLA N. 6B/2024/2M RILASCIATA IL 30/07/2024 (LICENZA DI SCARICO N. 6B/2024/1S RILASCIATA IL 06/11/2024)
A29: 2359 | B29: =+VLOOKUP($A29,MAGAZZINO!$B$2:$M$100000,2,FALSE) | C29: =+VLOOKUP($A29,MAGAZZINO!$B$2:$M$100000,3,FALSE) | D29: =+VLOOKUP($A29,MAGAZZINO!$B$2:$M$100000,4,FALSE) | E29: =+VLOOKUP($A29,MAGAZZINO!$B$2:$M$100000,5,FALSE) | F29: =+VLOOKUP($A29,MAGAZZINO!$B$2:$M$100000,6,FALSE) | G29: =+VLOOKUP($A29,MAGAZZINO!$B$2:$M$100000,7,FALSE) | H29: =+VLOOKUP($A29,MAGAZZINO!$B$2:$M$100000,8,FALSE) | I29: =+VLOOKUP($A29,MAGAZZINO!$B$2:$M$100000,9,FALSE) | J29: =+VLOOKUP($A29,MAGAZZINO!$B$2:$M$100000,10,FALSE) | K29: =+VLOOKUP($A29,MAGAZZINO!$B$2:$M$100000,11,FALSE) | L29: =+VLOOKUP($A29,MAGAZZINO!$B$2:$M$100000,12,FALSE) | N29: 45609 | O29: HS & LLC (OMAN) | P29: IMPORT LICENSE N. 24/1/2463/1/2024 DEL 05/05/2024 AUT. ESPORTAZIONE MULTIPLA N. 6B/2024/2M RILASCIATA IL 30/07/2024 (LICENZA DI SCARICO N. 6B/2024/1S RILASCIATA IL 06/11/2024)
A30: 2360 | B30: =+VLOOKUP($A30,MAGAZZINO!$B$2:$M$100000,2,FALSE) | C30: =+VLOOKUP($A30,MAGAZZINO!$B$2:$M$100000,3,FALSE) | D30: =+VLOOKUP($A30,MAGAZZINO!$B$2:$M$100000,4,FALSE) | E30: =+VLOOKUP($A30,MAGAZZINO!$B$2:$M$100000,5,FALSE) | F30: =+VLOOKUP($A30,MAGAZZINO!$B$2:$M$100000,6,FALSE) | G30: =+VLOOKUP($A30,MAGAZZINO!$B$2:$M$100000,7,FALSE) | H30: =+VLOOKUP($A30,MAGAZZINO!$B$2:$M$100000,8,FALSE) | I30: =+VLOOKUP($A30,MAGAZZINO!$B$2:$M$100000,9,FALSE) | J30: =+VLOOKUP($A30,MAGAZZINO!$B$2:$M$100000,10,FALSE) | K30: =+VLOOKUP($A30,MAGAZZINO!$B$2:$M$100000,11,FALSE) | L30: =+VLOOKUP($A30,MAGAZZINO!$B$2:$M$100000,12,FALSE) | N30: 45609 | O30: HS & LLC (OMAN) | P30: IMPORT LICENSE N. 24/1/2463/1/2024 DEL 05/05/2024 AUT. ESPORTAZIONE MULTIPLA N. 6B/2024/2M RILASCIATA IL 30/07/2024 (LICENZA DI SCARICO N. 6B/2024/1S RILASCIATA IL 06/11/2024)
... A113: 2443 | B113: =+VLOOKUP($A113,MAGAZZINO!$B$2:$M$100000,2,FALSE) | C113: =+VLOOKUP($A113,MAGAZZINO!$B$2:$M$100000,3,FALSE) | D113: =+VLOOKUP($A113,MAGAZZINO!$B$2:$M$100000,4,FALSE) | E113: =+VLOOKUP($A113,MAGAZZINO!$B$2:$M$100000,5,FALSE) | F113: =+VLOOKUP($A113,MAGAZZINO!$B$2:$M$100000,6,FALSE) | G113: =+VLOOKUP($A113,MAGAZZINO!$B$2:$M$100000,7,FALSE) | H113: =+VLOOKUP($A113,MAGAZZINO!$B$2:$M$100000,8,FALSE) | I113: =+VLOOKUP($A113,MAGAZZINO!$B$2:$M$100000,9,FALSE) | J113: =+VLOOKUP($A113,MAGAZZINO!$B$2:$M$100000,10,FALSE) | K113: =+VLOOKUP($A113,MAGAZZINO!$B$2:$M$100000,11,FALSE) | L113: =+VLOOKUP($A113,MAGAZZINO!$B$2:$M$100000,12,FALSE) | N113: 45609 | O113: HS & LLC (OMAN) | P113: IMPORT LICENSE N. 24/1/2463/1/2024 DEL 05/05/2024 AUT. ESPORTAZIONE MULTIPLA N. 6B/2024/2M RILASCIATA IL 30/07/2024 (LICENZA DI SCARICO N. 6B/2024/1S RILASCIATA IL 06/11/2024)
A114: 2444 | B114: =+VLOOKUP($A114,MAGAZZINO!$B$2:$M$100000,2,FALSE) | C114: =+VLOOKUP($A114,MAGAZZINO!$B$2:$M$100000,3,FALSE) | D114: =+VLOOKUP($A114,MAGAZZINO!$B$2:$M$100000,4,FALSE) | E114: =+VLOOKUP($A114,MAGAZZINO!$B$2:$M$100000,5,FALSE) | F114: =+VLOOKUP($A114,MAGAZZINO!$B$2:$M$100000,6,FALSE) | G114: =+VLOOKUP($A114,MAGAZZINO!$B$2:$M$100000,7,FALSE) | H114: =+VLOOKUP($A114,MAGAZZINO!$B$2:$M$100000,8,FALSE) | I114: =+VLOOKUP($A114,MAGAZZINO!$B$2:$M$100000,9,FALSE) | J114: =+VLOOKUP($A114,MAGAZZINO!$B$2:$M$100000,10,FALSE) | K114: =+VLOOKUP($A114,MAGAZZINO!$B$2:$M$100000,11,FALSE) | L114: =+VLOOKUP($A114,MAGAZZINO!$B$2:$M$100000,12,FALSE) | N114: 08/11/2024 12/11/2024 13/11/2024 | O114: BRUGAR SRL MARCHENO (BS) B.C.W. SRL RIPRESO IN CARICO HS & LLC (OMAN) | P114: D.D.T. N. 15 DEL 08/11/2024 ATA N. 10 DEL 05/11/2024 D.D.T. N. 2024-1820/M RIPRESO IN CARICO ATA N. 6C-P06012400011801 DEL 08/11/2024 IMPORT LICENSE N. 24/1/2463/1/2024 DEL 05/05/2024 AUT. ESPORTAZIONE MULTIPLA N. 6B/2024/2M RILASCIATA IL 30/07/2024 (LICENZA DI SCARICO N. 6B/2024/1S RILASCIATA IL N. /11/2024)
A115: 2445 | B115: =+VLOOKUP($A115,MAGAZZINO!$B$2:$M$100000,2,FALSE) | C115: =+VLOOKUP($A115,MAGAZZINO!$B$2:$M$100000,3,FALSE) | D115: =+VLOOKUP($A115,MAGAZZINO!$B$2:$M$100000,4,FALSE) | E115: =+VLOOKUP($A115,MAGAZZINO!$B$2:$M$100000,5,FALSE) | F115: =+VLOOKUP($A115,MAGAZZINO!$B$2:$M$100000,6,FALSE) | G115: =+VLOOKUP($A115,MAGAZZINO!$B$2:$M$100000,7,FALSE) | H115: =+VLOOKUP($A115,MAGAZZINO!$B$2:$M$100000,8,FALSE) | I115: =+VLOOKUP($A115,MAGAZZINO!$B$2:$M$100000,9,FALSE) | J115: =+VLOOKUP($A115,MAGAZZINO!$B$2:$M$100000,10,FALSE) | K115: =+VLOOKUP($A115,MAGAZZINO!$B$2:$M$100000,11,FALSE) | L115: =+VLOOKUP($A115,MAGAZZINO!$B$2:$M$100000,12,FALSE) | N115: 45609 | O115: HS & LLC (OMAN) | P115: IMPORT LICENSE N. 24/1/2463/1/2024 DEL 05/05/2024 AUT. ESPORTAZIONE MULTIPLA N. 6B/2024/2M RILASCIATA IL 30/07/2024 (LICENZA DI SCARICO N. 6B/2024/1S RILASCIATA IL 06/11/2024)
A116: 2446 | B116: =+VLOOKUP($A116,MAGAZZINO!$B$2:$M$100000,2,FALSE) | C116: =+VLOOKUP($A116,MAGAZZINO!$B$2:$M$100000,3,FALSE) | D116: =+VLOOKUP($A116,MAGAZZINO!$B$2:$M$100000,4,FALSE) | E116: =+VLOOKUP($A116,MAGAZZINO!$B$2:$M$100000,5,FALSE) | F116: =+VLOOKUP($A116,MAGAZZINO!$B$2:$M$100000,6,FALSE) | G116: =+VLOOKUP($A116,MAGAZZINO!$B$2:$M$100000,7,FALSE) | H116: =+VLOOKUP($A116,MAGAZZINO!$B$2:$M$100000,8,FALSE) | I116: =+VLOOKUP($A116,MAGAZZINO!$B$2:$M$100000,9,FALSE) | J116: =+VLOOKUP($A116,MAGAZZINO!$B$2:$M$100000,10,FALSE) | K116: =+VLOOKUP($A116,MAGAZZINO!$B$2:$M$100000,11,FALSE) | L116: =+VLOOKUP($A116,MAGAZZINO!$B$2:$M$100000,12,FALSE) | N116: 45609 | O116: HS & LLC (OMAN) | P116: IMPORT LICENSE N. 24/1/2463/1/2024 DEL 05/05/2024 AUT. ESPORTAZIONE MULTIPLA N. 6B/2024/2M RILASCIATA IL 30/07/2024 (LICENZA DI SCARICO N. 6B/2024/1S RILASCIATA IL 06/11/2024)
A117: 2447 | B117: =+VLOOKUP($A117,MAGAZZINO!$B$2:$M$100000,2,FALSE) | C117: =+VLOOKUP($A117,MAGAZZINO!$B$2:$M$100000,3,FALSE) | D117: =+VLOOKUP($A117,MAGAZZINO!$B$2:$M$100000,4,FALSE) | E117: =+VLOOKUP($A117,MAGAZZINO!$B$2:$M$100000,5,FALSE) | F117: =+VLOOKUP($A117,MAGAZZINO!$B$2:$M$100000,6,FALSE) | G117: =+VLOOKUP($A117,MAGAZZINO!$B$2:$M$100000,7,FALSE) | H117: =+VLOOKUP($A117,MAGAZZINO!$B$2:$M$100000,8,FALSE) | I117: =+VLOOKUP($A117,MAGAZZINO!$B$2:$M$100000,9,FALSE) | J117: =+VLOOKUP($A117,MAGAZZINO!$B$2:$M$100000,10,FALSE) | K117: =+VLOOKUP($A117,MAGAZZINO!$B$2:$M$100000,11,FALSE) | L117: =+VLOOKUP($A117,MAGAZZINO!$B$2:$M$100000,12,FALSE) | N117: 45609 | O117: HS & LLC (OMAN) | P117: IMPORT LICENSE N. 24/1/2463/1/2024 DEL 05/05/2024 AUT. ESPORTAZIONE MULTIPLA N. 6B/2024/2M RILASCIATA IL 30/07/2024 (LICENZA DI SCARICO N. 6B/2024/1S RILASCIATA IL 06/11/2024)
A118: 2448 | B118: =+VLOOKUP($A118,MAGAZZINO!$B$2:$M$100000,2,FALSE) | C118: =+VLOOKUP($A118,MAGAZZINO!$B$2:$M$100000,3,FALSE) | D118: =+VLOOKUP($A118,MAGAZZINO!$B$2:$M$100000,4,FALSE) | E118: =+VLOOKUP($A118,MAGAZZINO!$B$2:$M$100000,5,FALSE) | F118: =+VLOOKUP($A118,MAGAZZINO!$B$2:$M$100000,6,FALSE) | G118: =+VLOOKUP($A118,MAGAZZINO!$B$2:$M$100000,7,FALSE) | H118: =+VLOOKUP($A118,MAGAZZINO!$B$2:$M$100000,8,FALSE) | I118: =+VLOOKUP($A118,MAGAZZINO!$B$2:$M$100000,9,FALSE) | J118: =+VLOOKUP($A118,MAGAZZINO!$B$2:$M$100000,10,FALSE) | K118: =+VLOOKUP($A118,MAGAZZINO!$B$2:$M$100000,11,FALSE) | L118: =+VLOOKUP($A118,MAGAZZINO!$B$2:$M$100000,12,FALSE) | N118: 08/11/2024 12/11/2024 13/11/2024 | O118: BRUGAR SRL MARCHENO (BS) B.C.W. SRL RIPRESO IN CARICO HS & LLC (OMAN) | P118: D.D.T. N. 15 DEL 08/11/2024 ATA N. 10 DEL 05/11/2024 D.D.T. N. 2024-1820/M RIPRESO IN CARICO ATA N. 6C-P06012400011801 DEL 08/11/2024 IMPORT LICENSE N. 24/1/2463/1/2024 DEL 05/05/2024 AUT. ESPORTAZIONE MULTIPLA N. 6B/2024/2M RILASCIATA IL 30/07/2024 (LICENZA DI SCARICO N. 6B/2024/1S RILASCIATA IL N. /11/2024)
A119: 2449 | B119: =+VLOOKUP($A119,MAGAZZINO!$B$2:$M$100000,2,FALSE) | C119: =+VLOOKUP($A119,MAGAZZINO!$B$2:$M$100000,3,FALSE) | D119: =+VLOOKUP($A119,MAGAZZINO!$B$2:$M$100000,4,FALSE) | E119: =+VLOOKUP($A119,MAGAZZINO!$B$2:$M$100000,5,FALSE) | F119: =+VLOOKUP($A119,MAGAZZINO!$B$2:$M$100000,6,FALSE) | G119: =+VLOOKUP($A119,MAGAZZINO!$B$2:$M$100000,7,FALSE) | H119: =+VLOOKUP($A119,MAGAZZINO!$B$2:$M$100000,8,FALSE) | I119: =+VLOOKUP($A119,MAGAZZINO!$B$2:$M$100000,9,FALSE) | J119: =+VLOOKUP($A119,MAGAZZINO!$B$2:$M$100000,10,FALSE) | K119: =+VLOOKUP($A119,MAGAZZINO!$B$2:$M$100000,11,FALSE) | L119: =+VLOOKUP($A119,MAGAZZINO!$B$2:$M$100000,12,FALSE) | N119: 08/11/2024 12/11/2024 13/11/2024 | O119: BRUGAR SRL MARCHENO (BS) B.C.W. SRL RIPRESO IN CARICO HS & LLC (OMAN) | P119: D.D.T. N. 15 DEL 08/11/2024 ATA N. 10 DEL 05/11/2024 D.D.T. N. 2024-1820/M RIPRESO IN CARICO ATA N. 6C-P06012400011801 DEL 08/11/2024 IMPORT LICENSE N. 24/1/2463/1/2024 DEL 05/05/2024 AUT. ESPORTAZIONE MULTIPLA N. 6B/2024/2M RILASCIATA IL 30/07/2024 (LICENZA DI SCARICO N. 6B/2024/1S RILASCIATA IL N. /11/2024)
A120: 2450 | B120: =+VLOOKUP($A120,MAGAZZINO!$B$2:$M$100000,2,FALSE) | C120: =+VLOOKUP($A120,MAGAZZINO!$B$2:$M$100000,3,FALSE) | D120: =+VLOOKUP($A120,MAGAZZINO!$B$2:$M$100000,4,FALSE) | E120: =+VLOOKUP($A120,MAGAZZINO!$B$2:$M$100000,5,FALSE) | F120: =+VLOOKUP($A120,MAGAZZINO!$B$2:$M$100000,6,FALSE) | G120: =+VLOOKUP($A120,MAGAZZINO!$B$2:$M$100000,7,FALSE) | H120: =+VLOOKUP($A120,MAGAZZINO!$B$2:$M$100000,8,FALSE) | I120: =+VLOOKUP($A120,MAGAZZINO!$B$2:$M$100000,9,FALSE) | J120: =+VLOOKUP($A120,MAGAZZINO!$B$2:$M$100000,10,FALSE) | K120: =+VLOOKUP($A120,MAGAZZINO!$B$2:$M$100000,11,FALSE) | L120: =+VLOOKUP($A120,MAGAZZINO!$B$2:$M$100000,12,FALSE) | N120: 08/11/2024 12/11/2024 13/11/2024 | O120: BRUGAR SRL MARCHENO (BS) B.C.W. SRL RIPRESO IN CARICO HS & LLC (OMAN) | P120: D.D.T. N. 15 DEL 08/11/2024 ATA N. 10 DEL 05/11/2024 D.D.T. N. 2024-1820/M RIPRESO IN CARICO ATA N. 6C-P06012400011801 DEL 08/11/2024 IMPORT LICENSE N. 24/1/2463/1/2024 DEL 05/05/2024 AUT. ESPORTAZIONE MULTIPLA N. 6B/2024/2M RILASCIATA IL 30/07/2024 (LICENZA DI SCARICO N. 6B/2024/1S RILASCIATA IL N. /11/2024)
A121: 2451 | B121: =+VLOOKUP($A121,MAGAZZINO!$B$2:$M$100000,2,FALSE) | C121: =+VLOOKUP($A121,MAGAZZINO!$B$2:$M$100000,3,FALSE) | D121: =+VLOOKUP($A121,MAGAZZINO!$B$2:$M$100000,4,FALSE) | E121: =+VLOOKUP($A121,MAGAZZINO!$B$2:$M$100000,5,FALSE) | F121: =+VLOOKUP($A121,MAGAZZINO!$B$2:$M$100000,6,FALSE) | G121: =+VLOOKUP($A121,MAGAZZINO!$B$2:$M$100000,7,FALSE) | H121: =+VLOOKUP($A121,MAGAZZINO!$B$2:$M$100000,8,FALSE) | I121: =+VLOOKUP($A121,MAGAZZINO!$B$2:$M$100000,9,FALSE) | J121: =+VLOOKUP($A121,MAGAZZINO!$B$2:$M$100000,10,FALSE) | K121: =+VLOOKUP($A121,MAGAZZINO!$B$2:$M$100000,11,FALSE) | L121: =+VLOOKUP($A121,MAGAZZINO!$B$2:$M$100000,12,FALSE) | N121: 45609 | O121: HS & LLC (OMAN) | P121: IMPORT LICENSE N. 24/1/2463/1/2024 DEL 05/05/2024 AUT. ESPORTAZIONE MULTIPLA N. 6B/2024/2M RILASCIATA IL 30/07/2024 (LICENZA DI SCARICO N. 6B/2024/1S RILASCIATA IL 06/11/2024)
A122: 2452 | B122: =+VLOOKUP($A122,MAGAZZINO!$B$2:$M$100000,2,FALSE) | C122: =+VLOOKUP($A122,MAGAZZINO!$B$2:$M$100000,3,FALSE) | D122: =+VLOOKUP($A122,MAGAZZINO!$B$2:$M$100000,4,FALSE) | E122: =+VLOOKUP($A122,MAGAZZINO!$B$2:$M$100000,5,FALSE) | F122: =+VLOOKUP($A122,MAGAZZINO!$B$2:$M$100000,6,FALSE) | G122: =+VLOOKUP($A122,MAGAZZINO!$B$2:$M$100000,7,FALSE) | H122: =+VLOOKUP($A122,MAGAZZINO!$B$2:$M$100000,8,FALSE) | I122: =+VLOOKUP($A122,MAGAZZINO!$B$2:$M$100000,9,FALSE) | J122: =+VLOOKUP($A122,MAGAZZINO!$B$2:$M$100000,10,FALSE) | K122: =+VLOOKUP($A122,MAGAZZINO!$B$2:$M$100000,11,FALSE) | L122: =+VLOOKUP($A122,MAGAZZINO!$B$2:$M$100000,12,FALSE) | N122: 45609 | O122: HS & LLC (OMAN) | P122: IMPORT LICENSE N. 24/1/2463/1/2024 DEL 05/05/2024 AUT. ESPORTAZIONE MULTIPLA N. 6B/2024/2M RILASCIATA IL 30/07/2024 (LICENZA DI SCARICO N. 6B/2024/1S RILASCIATA IL 06/11/2024)
A123: 2453 | B123: =+VLOOKUP($A123,MAGAZZINO!$B$2:$M$100000,2,FALSE) | C123: =+VLOOKUP($A123,MAGAZZINO!$B$2:$M$100000,3,FALSE) | D123: =+VLOOKUP($A123,MAGAZZINO!$B$2:$M$100000,4,FALSE) | E123: =+VLOOKUP($A123,MAGAZZINO!$B$2:$M$100000,5,FALSE) | F123: =+VLOOKUP($A123,MAGAZZINO!$B$2:$M$100000,6,FALSE) | G123: =+VLOOKUP($A123,MAGAZZINO!$B$2:$M$100000,7,FALSE) | H123: =+VLOOKUP($A123,MAGAZZINO!$B$2:$M$100000,8,FALSE) | I123: =+VLOOKUP($A123,MAGAZZINO!$B$2:$M$100000,9,FALSE) | J123: =+VLOOKUP($A123,MAGAZZINO!$B$2:$M$100000,10,FALSE) | K123: =+VLOOKUP($A123,MAGAZZINO!$B$2:$M$100000,11,FALSE) | L123: =+VLOOKUP($A123,MAGAZZINO!$B$2:$M$100000,12,FALSE) | N123: 45609 | O123: HS & LLC (OMAN) | P123: IMPORT LICENSE N. 24/1/2463/1/2024 DEL 05/05/2024 AUT. ESPORTAZIONE MULTIPLA N. 6B/2024/2M RILASCIATA IL 30/07/2024 (LICENZA DI SCARICO N. 6B/2024/1S RILASCIATA IL 06/11/2024)
A124: 2454 | B124: =+VLOOKUP($A124,MAGAZZINO!$B$2:$M$100000,2,FALSE) | C124: =+VLOOKUP($A124,MAGAZZINO!$B$2:$M$100000,3,FALSE) | D124: =+VLOOKUP($A124,MAGAZZINO!$B$2:$M$100000,4,FALSE) | E124: =+VLOOKUP($A124,MAGAZZINO!$B$2:$M$100000,5,FALSE) | F124: =+VLOOKUP($A124,MAGAZZINO!$B$2:$M$100000,6,FALSE) | G124: =+VLOOKUP($A124,MAGAZZINO!$B$2:$M$100000,7,FALSE) | H124: =+VLOOKUP($A124,MAGAZZINO!$B$2:$M$100000,8,FALSE) | I124: =+VLOOKUP($A124,MAGAZZINO!$B$2:$M$100000,9,FALSE) | J124: =+VLOOKUP($A124,MAGAZZINO!$B$2:$M$100000,10,FALSE) | K124: =+VLOOKUP($A124,MAGAZZINO!$B$2:$M$100000,11,FALSE) | L124: =+VLOOKUP($A124,MAGAZZINO!$B$2:$M$100000,12,FALSE) | N124: 45609 | O124: HS & LLC (OMAN) | P124: IMPORT LICENSE N. 24/1/2463/1/2024 DEL 05/05/2024 AUT. ESPORTAZIONE MULTIPLA N. 6B/2024/2M RILASCIATA IL 30/07/2024 (LICENZA DI SCARICO N. 6B/2024/1S RILASCIATA IL 06/11/2024)
A125: 2455 | B125: =+VLOOKUP($A125,MAGAZZINO!$B$2:$M$100000,2,FALSE) | C125: =+VLOOKUP($A125,MAGAZZINO!$B$2:$M$100000,3,FALSE) | D125: =+VLOOKUP($A125,MAGAZZINO!$B$2:$M$100000,4,FALSE) | E125: =+VLOOKUP($A125,MAGAZZINO!$B$2:$M$100000,5,FALSE) | F125: =+VLOOKUP($A125,MAGAZZINO!$B$2:$M$100000,6,FALSE) | G125: =+VLOOKUP($A125,MAGAZZINO!$B$2:$M$100000,7,FALSE) | H125: =+VLOOKUP($A125,MAGAZZINO!$B$2:$M$100000,8,FALSE) | I125: =+VLOOKUP($A125,MAGAZZINO!$B$2:$M$100000,9,FALSE) | J125: =+VLOOKUP($A125,MAGAZZINO!$B$2:$M$100000,10,FALSE) | K125: =+VLOOKUP($A125,MAGAZZINO!$B$2:$M$100000,11,FALSE) | L125: =+VLOOKUP($A125,MAGAZZINO!$B$2:$M$100000,12,FALSE) | N125: 45609 | O125: HS & LLC (OMAN) | P125: IMPORT LICENSE N. 24/1/2463/1/2024 DEL 05/05/2024 AUT. ESPORTAZIONE MULTIPLA N. 6B/2024/2M RILASCIATA IL 30/07/2024 (LICENZA DI SCARICO N. 6B/2024/1S RILASCIATA IL 06/11/2024)
A126: 2456 | B126: =+VLOOKUP($A126,MAGAZZINO!$B$2:$M$100000,2,FALSE) | C126: =+VLOOKUP($A126,MAGAZZINO!$B$2:$M$100000,3,FALSE) | D126: =+VLOOKUP($A126,MAGAZZINO!$B$2:$M$100000,4,FALSE) | E126: =+VLOOKUP($A126,MAGAZZINO!$B$2:$M$100000,5,FALSE) | F126: =+VLOOKUP($A126,MAGAZZINO!$B$2:$M$100000,6,FALSE) | G126: =+VLOOKUP($A126,MAGAZZINO!$B$2:$M$100000,7,FALSE) | H126: =+VLOOKUP($A126,MAGAZZINO!$B$2:$M$100000,8,FALSE) | I126: =+VLOOKUP($A126,MAGAZZINO!$B$2:$M$100000,9,FALSE) | J126: =+VLOOKUP($A126,MAGAZZINO!$B$2:$M$100000,10,FALSE) | K126: =+VLOOKUP($A126,MAGAZZINO!$B$2:$M$100000,11,FALSE) | L126: =+VLOOKUP($A126,MAGAZZINO!$B$2:$M$100000,12,FALSE) | N126: 45609 | O126: HS & LLC (OMAN) | P126: IMPORT LICENSE N. 24/1/2463/1/2024 DEL 05/05/2024 AUT. ESPORTAZIONE MULTIPLA N. 6B/2024/2M RILASCIATA IL 30/07/2024 (LICENZA DI SCARICO N. 6B/2024/1S RILASCIATA IL 06/11/2024)
A127: 2457 | B127: =+VLOOKUP($A127,MAGAZZINO!$B$2:$M$100000,2,FALSE) | C127: =+VLOOKUP($A127,MAGAZZINO!$B$2:$M$100000,3,FALSE) | D127: =+VLOOKUP($A127,MAGAZZINO!$B$2:$M$100000,4,FALSE) | E127: =+VLOOKUP($A127,MAGAZZINO!$B$2:$M$100000,5,FALSE) | F127: =+VLOOKUP($A127,MAGAZZINO!$B$2:$M$100000,6,FALSE) | G127: =+VLOOKUP($A127,MAGAZZINO!$B$2:$M$100000,7,FALSE) | H127: =+VLOOKUP($A127,MAGAZZINO!$B$2:$M$100000,8,FALSE) | I127: =+VLOOKUP($A127,MAGAZZINO!$B$2:$M$100000,9,FALSE) | J127: =+VLOOKUP($A127,MAGAZZINO!$B$2:$M$100000,10,FALSE) | K127: =+VLOOKUP($A127,MAGAZZINO!$B$2:$M$100000,11,FALSE) | L127: =+VLOOKUP($A127,MAGAZZINO!$B$2:$M$100000,12,FALSE) | N127: 45609 | O127: HS & LLC (OMAN) | P127: IMPORT LICENSE N. 24/1/2463/1/2024 DEL 05/05/2024 AUT. ESPORTAZIONE MULTIPLA N. 6B/2024/2M RILASCIATA IL 30/07/2024 (LICENZA DI SCARICO N. 6B/2024/1S RILASCIATA IL 06/11/2024)
A128: 2458 | B128: =+VLOOKUP($A128,MAGAZZINO!$B$2:$M$100000,2,FALSE) | C128: =+VLOOKUP($A128,MAGAZZINO!$B$2:$M$100000,3,FALSE) | D128: =+VLOOKUP($A128,MAGAZZINO!$B$2:$M$100000,4,FALSE) | E128: =+VLOOKUP($A128,MAGAZZINO!$B$2:$M$100000,5,FALSE) | F128: =+VLOOKUP($A128,MAGAZZINO!$B$2:$M$100000,6,FALSE) | G128: =+VLOOKUP($A128,MAGAZZINO!$B$2:$M$100000,7,FALSE) | H128: =+VLOOKUP($A128,MAGAZZINO!$B$2:$M$100000,8,FALSE) | I128: =+VLOOKUP($A128,MAGAZZINO!$B$2:$M$100000,9,FALSE) | J128: =+VLOOKUP($A128,MAGAZZINO!$B$2:$M$100000,10,FALSE) | K128: =+VLOOKUP($A128,MAGAZZINO!$B$2:$M$100000,11,FALSE) | L128: =+VLOOKUP($A128,MAGAZZINO!$B$2:$M$100000,12,FALSE) | N128: 45609 | O128: HS & LLC (OMAN) | P128: IMPORT LICENSE N. 24/1/2463/1/2024 DEL 05/05/2024 AUT. ESPORTAZIONE MULTIPLA N. 6B/2024/2M RILASCIATA IL 30/07/2024 (LICENZA DI SCARICO N. 6B/2024/1S RILASCIATA IL 06/11/2024)
A129: 2459 | B129: =+VLOOKUP($A129,MAGAZZINO!$B$2:$M$100000,2,FALSE) | C129: =+VLOOKUP($A129,MAGAZZINO!$B$2:$M$100000,3,FALSE) | D129: =+VLOOKUP($A129,MAGAZZINO!$B$2:$M$100000,4,FALSE) | E129: =+VLOOKUP($A129,MAGAZZINO!$B$2:$M$100000,5,FALSE) | F129: =+VLOOKUP($A129,MAGAZZINO!$B$2:$M$100000,6,FALSE) | G129: =+VLOOKUP($A129,MAGAZZINO!$B$2:$M$100000,7,FALSE) | H129: =+VLOOKUP($A129,MAGAZZINO!$B$2:$M$100000,8,FALSE) | I129: =+VLOOKUP($A129,MAGAZZINO!$B$2:$M$100000,9,FALSE) | J129: =+VLOOKUP($A129,MAGAZZINO!$B$2:$M$100000,10,FALSE) | K129: =+VLOOKUP($A129,MAGAZZINO!$B$2:$M$100000,11,FALSE) | L129: =+VLOOKUP($A129,MAGAZZINO!$B$2:$M$100000,12,FALSE) | N129: 45609 | O129: HS & LLC (OMAN) | P129: IMPORT LICENSE N. 24/1/2463/1/2024 DEL 05/05/2024 AUT. ESPORTAZIONE MULTIPLA N. 6B/2024/2M RILASCIATA IL 30/07/2024 (LICENZA DI SCARICO N. 6B/2024/1S RILASCIATA IL 06/11/2024)
A130: 2460 | B130: =+VLOOKUP($A130,MAGAZZINO!$B$2:$M$100000,2,FALSE) | C130: =+VLOOKUP($A130,MAGAZZINO!$B$2:$M$100000,3,FALSE) | D130: =+VLOOKUP($A130,MAGAZZINO!$B$2:$M$100000,4,FALSE) | E130: =+VLOOKUP($A130,MAGAZZINO!$B$2:$M$100000,5,FALSE) | F130: =+VLOOKUP($A130,MAGAZZINO!$B$2:$M$100000,6,FALSE) | G130: =+VLOOKUP($A130,MAGAZZINO!$B$2:$M$100000,7,FALSE) | H130: =+VLOOKUP($A130,MAGAZZINO!$B$2:$M$100000,8,FALSE) | I130: =+VLOOKUP($A130,MAGAZZINO!$B$2:$M$100000,9,FALSE) | J130: =+VLOOKUP($A130,MAGAZZINO!$B$2:$M$100000,10,FALSE) | K130: =+VLOOKUP($A130,MAGAZZINO!$B$2:$M$100000,11,FALSE) | L130: =+VLOOKUP($A130,MAGAZZINO!$B$2:$M$100000,12,FALSE) | N130: 45609 | O130: HS & LLC (OMAN) | P130: IMPORT LICENSE N. 24/1/2463/1/2024 DEL 05/05/2024 AUT. ESPORTAZIONE MULTIPLA N. 6B/2024/2M RILASCIATA IL 30/07/2024 (LICENZA DI SCARICO N. 6B/2024/1S RILASCIATA IL 06/11/2024)
A131: 2461 | B131: =+VLOOKUP($A131,MAGAZZINO!$B$2:$M$100000,2,FALSE) | C131: =+VLOOKUP($A131,MAGAZZINO!$B$2:$M$100000,3,FALSE) | D131: =+VLOOKUP($A131,MAGAZZINO!$B$2:$M$100000,4,FALSE) | E131: =+VLOOKUP($A131,MAGAZZINO!$B$2:$M$100000,5,FALSE) | F131: =+VLOOKUP($A131,MAGAZZINO!$B$2:$M$100000,6,FALSE) | G131: =+VLOOKUP($A131,MAGAZZINO!$B$2:$M$100000,7,FALSE) | H131: =+VLOOKUP($A131,MAGAZZINO!$B$2:$M$100000,8,FALSE) | I131: =+VLOOKUP($A131,MAGAZZINO!$B$2:$M$100000,9,FALSE) | J131: =+VLOOKUP($A131,MAGAZZINO!$B$2:$M$100000,10,FALSE) | K131: =+VLOOKUP($A131,MAGAZZINO!$B$2:$M$100000,11,FALSE) | L131: =+VLOOKUP($A131,MAGAZZINO!$B$2:$M$100000,12,FALSE) | N131: 45609 | O131: HS & LLC (OMAN) | P131: IMPORT LICENSE N. 24/1/2463/1/2024 DEL 05/05/2024 AUT. ESPORTAZIONE MULTIPLA N. 6B/2024/2M RILASCIATA IL 30/07/2024 (LICENZA DI SCARICO N. 6B/2024/1S RILASCIATA IL 06/11/2024)
A132: 2462 | B132: =+VLOOKUP($A132,MAGAZZINO!$B$2:$M$100000,2,FALSE) | C132: =+VLOOKUP($A132,MAGAZZINO!$B$2:$M$100000,3,FALSE) | D132: =+VLOOKUP($A132,MAGAZZINO!$B$2:$M$100000,4,FALSE) | E132: =+VLOOKUP($A132,MAGAZZINO!$B$2:$M$100000,5,FALSE) | F132: =+VLOOKUP($A132,MAGAZZINO!$B$2:$M$100000,6,FALSE) | G132: =+VLOOKUP($A132,MAGAZZINO!$B$2:$M$100000,7,FALSE) | H132: =+VLOOKUP($A132,MAGAZZINO!$B$2:$M$100000,8,FALSE) | I132: =+VLOOKUP($A132,MAGAZZINO!$B$2:$M$100000,9,FALSE) | J132: =+VLOOKUP($A132,MAGAZZINO!$B$2:$M$100000,10,FALSE) | K132: =+VLOOKUP($A132,MAGAZZINO!$B$2:$M$100000,11,FALSE) | L132: =+VLOOKUP($A132,MAGAZZINO!$B$2:$M$100000,12,FALSE) | N132: 45609 | O132: HS & LLC (OMAN) | P132: IMPORT LICENSE N. 24/1/2463/1/2024 DEL 05/05/2024 AUT. ESPORTAZIONE MULTIPLA N. 6B/2024/2M RILASCIATA IL 30/07/2024 (LICENZA DI SCARICO N. 6B/2024/1S RILASCIATA IL 06/11/2024)
... A145: 2475 | B145: =+VLOOKUP($A145,MAGAZZINO!$B$2:$M$100000,2,FALSE) | C145: =+VLOOKUP($A145,MAGAZZINO!$B$2:$M$100000,3,FALSE) | D145: =+VLOOKUP($A145,MAGAZZINO!$B$2:$M$100000,4,FALSE) | E145: =+VLOOKUP($A145,MAGAZZINO!$B$2:$M$100000,5,FALSE) | F145: =+VLOOKUP($A145,MAGAZZINO!$B$2:$M$100000,6,FALSE) | G145: =+VLOOKUP($A145,MAGAZZINO!$B$2:$M$100000,7,FALSE) | H145: =+VLOOKUP($A145,MAGAZZINO!$B$2:$M$100000,8,FALSE) | I145: =+VLOOKUP($A145,MAGAZZINO!$B$2:$M$100000,9,FALSE) | J145: =+VLOOKUP($A145,MAGAZZINO!$B$2:$M$100000,10,FALSE) | K145: =+VLOOKUP($A145,MAGAZZINO!$B$2:$M$100000,11,FALSE) | L145: =+VLOOKUP($A145,MAGAZZINO!$B$2:$M$100000,12,FALSE) | N145: 45609 | O145: HS & LLC (OMAN) | P145: IMPORT LICENSE N. 24/1/2463/1/2024 DEL 05/05/2024 AUT. ESPORTAZIONE MULTIPLA N. 6B/2024/2M RILASCIATA IL 30/07/2024 (LICENZA DI SCARICO N. 6B/2024/1S RILASCIATA IL 06/11/2024)
A146: 2476 | B146: =+VLOOKUP($A146,MAGAZZINO!$B$2:$M$100000,2,FALSE) | C146: =+VLOOKUP($A146,MAGAZZINO!$B$2:$M$100000,3,FALSE) | D146: =+VLOOKUP($A146,MAGAZZINO!$B$2:$M$100000,4,FALSE) | E146: =+VLOOKUP($A146,MAGAZZINO!$B$2:$M$100000,5,FALSE) | F146: =+VLOOKUP($A146,MAGAZZINO!$B$2:$M$100000,6,FALSE) | G146: =+VLOOKUP($A146,MAGAZZINO!$B$2:$M$100000,7,FALSE) | H146: =+VLOOKUP($A146,MAGAZZINO!$B$2:$M$100000,8,FALSE) | I146: =+VLOOKUP($A146,MAGAZZINO!$B$2:$M$100000,9,FALSE) | J146: =+VLOOKUP($A146,MAGAZZINO!$B$2:$M$100000,10,FALSE) | K146: =+VLOOKUP($A146,MAGAZZINO!$B$2:$M$100000,11,FALSE) | L146: =+VLOOKUP($A146,MAGAZZINO!$B$2:$M$100000,12,FALSE)
A147: 2477 | B147: =+VLOOKUP($A147,MAGAZZINO!$B$2:$M$100000,2,FALSE) | C147: =+VLOOKUP($A147,MAGAZZINO!$B$2:$M$100000,3,FALSE) | D147: =+VLOOKUP($A147,MAGAZZINO!$B$2:$M$100000,4,FALSE) | E147: =+VLOOKUP($A147,MAGAZZINO!$B$2:$M$100000,5,FALSE) | F147: =+VLOOKUP($A147,MAGAZZINO!$B$2:$M$100000,6,FALSE) | G147: =+VLOOKUP($A147,MAGAZZINO!$B$2:$M$100000,7,FALSE) | H147: =+VLOOKUP($A147,MAGAZZINO!$B$2:$M$100000,8,FALSE) | I147: =+VLOOKUP($A147,MAGAZZINO!$B$2:$M$100000,9,FALSE) | J147: =+VLOOKUP($A147,MAGAZZINO!$B$2:$M$100000,10,FALSE) | K147: =+VLOOKUP($A147,MAGAZZINO!$B$2:$M$100000,11,FALSE) | L147: =+VLOOKUP($A147,MAGAZZINO!$B$2:$M$100000,12,FALSE)
A148: 2478 | B148: =+VLOOKUP($A148,MAGAZZINO!$B$2:$M$100000,2,FALSE) | C148: =+VLOOKUP($A148,MAGAZZINO!$B$2:$M$100000,3,FALSE) | D148: =+VLOOKUP($A148,MAGAZZINO!$B$2:$M$100000,4,FALSE) | E148: =+VLOOKUP($A148,MAGAZZINO!$B$2:$M$100000,5,FALSE) | F148: =+VLOOKUP($A148,MAGAZZINO!$B$2:$M$100000,6,FALSE) | G148: =+VLOOKUP($A148,MAGAZZINO!$B$2:$M$100000,7,FALSE) | H148: =+VLOOKUP($A148,MAGAZZINO!$B$2:$M$100000,8,FALSE) | I148: =+VLOOKUP($A148,MAGAZZINO!$B$2:$M$100000,9,FALSE) | J148: =+VLOOKUP($A148,MAGAZZINO!$B$2:$M$100000,10,FALSE) | K148: =+VLOOKUP($A148,MAGAZZINO!$B$2:$M$100000,11,FALSE) | L148: =+VLOOKUP($A148,MAGAZZINO!$B$2:$M$100000,12,FALSE)
A149: 2479 | B149: =+VLOOKUP($A149,MAGAZZINO!$B$2:$M$100000,2,FALSE) | C149: =+VLOOKUP($A149,MAGAZZINO!$B$2:$M$100000,3,FALSE) | D149: =+VLOOKUP($A149,MAGAZZINO!$B$2:$M$100000,4,FALSE) | E149: =+VLOOKUP($A149,MAGAZZINO!$B$2:$M$100000,5,FALSE) | F149: =+VLOOKUP($A149,MAGAZZINO!$B$2:$M$100000,6,FALSE) | G149: =+VLOOKUP($A149,MAGAZZINO!$B$2:$M$100000,7,FALSE) | H149: =+VLOOKUP($A149,MAGAZZINO!$B$2:$M$100000,8,FALSE) | I149: =+VLOOKUP($A149,MAGAZZINO!$B$2:$M$100000,9,FALSE) | J149: =+VLOOKUP($A149,MAGAZZINO!$B$2:$M$100000,10,FALSE) | K149: =+VLOOKUP($A149,MAGAZZINO!$B$2:$M$100000,11,FALSE) | L149: =+VLOOKUP($A149,MAGAZZINO!$B$2:$M$100000,12,FALSE)
A150: 2480 | B150: =+VLOOKUP($A150,MAGAZZINO!$B$2:$M$100000,2,FALSE) | C150: =+VLOOKUP($A150,MAGAZZINO!$B$2:$M$100000,3,FALSE) | D150: =+VLOOKUP($A150,MAGAZZINO!$B$2:$M$100000,4,FALSE) | E150: =+VLOOKUP($A150,MAGAZZINO!$B$2:$M$100000,5,FALSE) | F150: =+VLOOKUP($A150,MAGAZZINO!$B$2:$M$100000,6,FALSE) | G150: =+VLOOKUP($A150,MAGAZZINO!$B$2:$M$100000,7,FALSE) | H150: =+VLOOKUP($A150,MAGAZZINO!$B$2:$M$100000,8,FALSE) | I150: =+VLOOKUP($A150,MAGAZZINO!$B$2:$M$100000,9,FALSE) | J150: =+VLOOKUP($A150,MAGAZZINO!$B$2:$M$100000,10,FALSE) | K150: =+VLOOKUP($A150,MAGAZZINO!$B$2:$M$100000,11,FALSE) | L150: =+VLOOKUP($A150,MAGAZZINO!$B$2:$M$100000,12,FALSE)
A151: 2481 | B151: =+VLOOKUP($A151,MAGAZZINO!$B$2:$M$100000,2,FALSE) | C151: =+VLOOKUP($A151,MAGAZZINO!$B$2:$M$100000,3,FALSE) | D151: =+VLOOKUP($A151,MAGAZZINO!$B$2:$M$100000,4,FALSE) | E151: =+VLOOKUP($A151,MAGAZZINO!$B$2:$M$100000,5,FALSE) | F151: =+VLOOKUP($A151,MAGAZZINO!$B$2:$M$100000,6,FALSE) | G151: =+VLOOKUP($A151,MAGAZZINO!$B$2:$M$100000,7,FALSE) | H151: =+VLOOKUP($A151,MAGAZZINO!$B$2:$M$100000,8,FALSE) | I151: =+VLOOKUP($A151,MAGAZZINO!$B$2:$M$100000,9,FALSE) | J151: =+VLOOKUP($A151,MAGAZZINO!$B$2:$M$100000,10,FALSE) | K151: =+VLOOKUP($A151,MAGAZZINO!$B$2:$M$100000,11,FALSE) | L151: =+VLOOKUP($A151,MAGAZZINO!$B$2:$M$100000,12,FALSE)
A152: 2482 | B152: =+VLOOKUP($A152,MAGAZZINO!$B$2:$M$100000,2,FALSE) | C152: =+VLOOKUP($A152,MAGAZZINO!$B$2:$M$100000,3,FALSE) | D152: =+VLOOKUP($A152,MAGAZZINO!$B$2:$M$100000,4,FALSE) | E152: =+VLOOKUP($A152,MAGAZZINO!$B$2:$M$100000,5,FALSE) | F152: =+VLOOKUP($A152,MAGAZZINO!$B$2:$M$100000,6,FALSE) | G152: =+VLOOKUP($A152,MAGAZZINO!$B$2:$M$100000,7,FALSE) | H152: =+VLOOKUP($A152,MAGAZZINO!$B$2:$M$100000,8,FALSE) | I152: =+VLOOKUP($A152,MAGAZZINO!$B$2:$M$100000,9,FALSE) | J152: =+VLOOKUP($A152,MAGAZZINO!$B$2:$M$100000,10,FALSE) | K152: =+VLOOKUP($A152,MAGAZZINO!$B$2:$M$100000,11,FALSE) | L152: =+VLOOKUP($A152,MAGAZZINO!$B$2:$M$100000,12,FALSE)
A153: 2483 | B153: =+VLOOKUP($A153,MAGAZZINO!$B$2:$M$100000,2,FALSE) | C153: =+VLOOKUP($A153,MAGAZZINO!$B$2:$M$100000,3,FALSE) | D153: =+VLOOKUP($A153,MAGAZZINO!$B$2:$M$100000,4,FALSE) | E153: =+VLOOKUP($A153,MAGAZZINO!$B$2:$M$100000,5,FALSE) | F153: =+VLOOKUP($A153,MAGAZZINO!$B$2:$M$100000,6,FALSE) | G153: =+VLOOKUP($A153,MAGAZZINO!$B$2:$M$100000,7,FALSE) | H153: =+VLOOKUP($A153,MAGAZZINO!$B$2:$M$100000,8,FALSE) | I153: =+VLOOKUP($A153,MAGAZZINO!$B$2:$M$100000,9,FALSE) | J153: =+VLOOKUP($A153,MAGAZZINO!$B$2:$M$100000,10,FALSE) | K153: =+VLOOKUP($A153,MAGAZZINO!$B$2:$M$100000,11,FALSE) | L153: =+VLOOKUP($A153,MAGAZZINO!$B$2:$M$100000,12,FALSE)
A154: 2484 | B154: =+VLOOKUP($A154,MAGAZZINO!$B$2:$M$100000,2,FALSE) | C154: =+VLOOKUP($A154,MAGAZZINO!$B$2:$M$100000,3,FALSE) | D154: =+VLOOKUP($A154,MAGAZZINO!$B$2:$M$100000,4,FALSE) | E154: =+VLOOKUP($A154,MAGAZZINO!$B$2:$M$100000,5,FALSE) | F154: =+VLOOKUP($A154,MAGAZZINO!$B$2:$M$100000,6,FALSE) | G154: =+VLOOKUP($A154,MAGAZZINO!$B$2:$M$100000,7,FALSE) | H154: =+VLOOKUP($A154,MAGAZZINO!$B$2:$M$100000,8,FALSE) | I154: =+VLOOKUP($A154,MAGAZZINO!$B$2:$M$100000,9,FALSE) | J154: =+VLOOKUP($A154,MAGAZZINO!$B$2:$M$100000,10,FALSE) | K154: =+VLOOKUP($A154,MAGAZZINO!$B$2:$M$100000,11,FALSE) | L154: =+VLOOKUP($A154,MAGAZZINO!$B$2:$M$100000,12,FALSE)
A155: 2485 | B155: =+VLOOKUP($A155,MAGAZZINO!$B$2:$M$100000,2,FALSE) | C155: =+VLOOKUP($A155,MAGAZZINO!$B$2:$M$100000,3,FALSE) | D155: =+VLOOKUP($A155,MAGAZZINO!$B$2:$M$100000,4,FALSE) | E155: =+VLOOKUP($A155,MAGAZZINO!$B$2:$M$100000,5,FALSE) | F155: =+VLOOKUP($A155,MAGAZZINO!$B$2:$M$100000,6,FALSE) | G155: =+VLOOKUP($A155,MAGAZZINO!$B$2:$M$100000,7,FALSE) | H155: =+VLOOKUP($A155,MAGAZZINO!$B$2:$M$100000,8,FALSE) | I155: =+VLOOKUP($A155,MAGAZZINO!$B$2:$M$100000,9,FALSE) | J155: =+VLOOKUP($A155,MAGAZZINO!$B$2:$M$100000,10,FALSE) | K155: =+VLOOKUP($A155,MAGAZZINO!$B$2:$M$100000,11,FALSE) | L155: =+VLOOKUP($A155,MAGAZZINO!$B$2:$M$100000,12,FALSE)
A156: 2486 | B156: =+VLOOKUP($A156,MAGAZZINO!$B$2:$M$100000,2,FALSE) | C156: =+VLOOKUP($A156,MAGAZZINO!$B$2:$M$100000,3,FALSE) | D156: =+VLOOKUP($A156,MAGAZZINO!$B$2:$M$100000,4,FALSE) | E156: =+VLOOKUP($A156,MAGAZZINO!$B$2:$M$100000,5,FALSE) | F156: =+VLOOKUP($A156,MAGAZZINO!$B$2:$M$100000,6,FALSE) | G156: =+VLOOKUP($A156,MAGAZZINO!$B$2:$M$100000,7,FALSE) | H156: =+VLOOKUP($A156,MAGAZZINO!$B$2:$M$100000,8,FALSE) | I156: =+VLOOKUP($A156,MAGAZZINO!$B$2:$M$100000,9,FALSE) | J156: =+VLOOKUP($A156,MAGAZZINO!$B$2:$M$100000,10,FALSE) | K156: =+VLOOKUP($A156,MAGAZZINO!$B$2:$M$100000,11,FALSE) | L156: =+VLOOKUP($A156,MAGAZZINO!$B$2:$M$100000,12,FALSE) | N156: 45609 | O156: HS & LLC (OMAN) | P156: IMPORT LICENSE N. 24/1/2463/1/2024 DEL 05/05/2024 AUT. ESPORTAZIONE MULTIPLA N. 6B/2024/2M RILASCIATA IL 30/07/2024 (LICENZA DI SCARICO N. 6B/2024/1S RILASCIATA IL 06/11/2024)
A157: 2487 | B157: =+VLOOKUP($A157,MAGAZZINO!$B$2:$M$100000,2,FALSE) | C157: =+VLOOKUP($A157,MAGAZZINO!$B$2:$M$100000,3,FALSE) | D157: =+VLOOKUP($A157,MAGAZZINO!$B$2:$M$100000,4,FALSE) | E157: =+VLOOKUP($A157,MAGAZZINO!$B$2:$M$100000,5,FALSE) | F157: =+VLOOKUP($A157,MAGAZZINO!$B$2:$M$100000,6,FALSE) | G157: =+VLOOKUP($A157,MAGAZZINO!$B$2:$M$100000,7,FALSE) | H157: =+VLOOKUP($A157,MAGAZZINO!$B$2:$M$100000,8,FALSE) | I157: =+VLOOKUP($A157,MAGAZZINO!$B$2:$M$100000,9,FALSE) | J157: =+VLOOKUP($A157,MAGAZZINO!$B$2:$M$100000,10,FALSE) | K157: =+VLOOKUP($A157,MAGAZZINO!$B$2:$M$100000,11,FALSE) | L157: =+VLOOKUP($A157,MAGAZZINO!$B$2:$M$100000,12,FALSE) | N157: 45609 | O157: HS & LLC (OMAN) | P157: IMPORT LICENSE N. 24/1/2463/1/2024 DEL 05/05/2024 AUT. ESPORTAZIONE MULTIPLA N. 6B/2024/2M RILASCIATA IL 30/07/2024 (LICENZA DI SCARICO N. 6B/2024/1S RILASCIATA IL 06/11/2024)
A158: 2488 | B158: =+VLOOKUP($A158,MAGAZZINO!$B$2:$M$100000,2,FALSE) | C158: =+VLOOKUP($A158,MAGAZZINO!$B$2:$M$100000,3,FALSE) | D158: =+VLOOKUP($A158,MAGAZZINO!$B$2:$M$100000,4,FALSE) | E158: =+VLOOKUP($A158,MAGAZZINO!$B$2:$M$100000,5,FALSE) | F158: =+VLOOKUP($A158,MAGAZZINO!$B$2:$M$100000,6,FALSE) | G158: =+VLOOKUP($A158,MAGAZZINO!$B$2:$M$100000,7,FALSE) | H158: =+VLOOKUP($A158,MAGAZZINO!$B$2:$M$100000,8,FALSE) | I158: =+VLOOKUP($A158,MAGAZZINO!$B$2:$M$100000,9,FALSE) | J158: =+VLOOKUP($A158,MAGAZZINO!$B$2:$M$100000,10,FALSE) | K158: =+VLOOKUP($A158,MAGAZZINO!$B$2:$M$100000,11,FALSE) | L158: =+VLOOKUP($A158,MAGAZZINO!$B$2:$M$100000,12,FALSE) | N158: 45609 | O158: HS & LLC (OMAN) | P158: IMPORT LICENSE N. 24/1/2463/1/2024 DEL 05/05/2024 AUT. ESPORTAZIONE MULTIPLA N. 6B/2024/2M RILASCIATA IL 30/07/2024 (LICENZA DI SCARICO N. 6B/2024/1S RILASCIATA IL 06/11/2024)
A159: 2489 | B159: =+VLOOKUP($A159,MAGAZZINO!$B$2:$M$100000,2,FALSE) | C159: =+VLOOKUP($A159,MAGAZZINO!$B$2:$M$100000,3,FALSE) | D159: =+VLOOKUP($A159,MAGAZZINO!$B$2:$M$100000,4,FALSE) | E159: =+VLOOKUP($A159,MAGAZZINO!$B$2:$M$100000,5,FALSE) | F159: =+VLOOKUP($A159,MAGAZZINO!$B$2:$M$100000,6,FALSE) | G159: =+VLOOKUP($A159,MAGAZZINO!$B$2:$M$100000,7,FALSE) | H159: =+VLOOKUP($A159,MAGAZZINO!$B$2:$M$100000,8,FALSE) | I159: =+VLOOKUP($A159,MAGAZZINO!$B$2:$M$100000,9,FALSE) | J159: =+VLOOKUP($A159,MAGAZZINO!$B$2:$M$100000,10,FALSE) | K159: =+VLOOKUP($A159,MAGAZZINO!$B$2:$M$100000,11,FALSE) | L159: =+VLOOKUP($A159,MAGAZZINO!$B$2:$M$100000,12,FALSE) | N159: 45609 | O159: HS & LLC (OMAN) | P159: IMPORT LICENSE N. 24/1/2463/1/2024 DEL 05/05/2024 AUT. ESPORTAZIONE MULTIPLA N. 6B/2024/2M RILASCIATA IL 30/07/2024 (LICENZA DI SCARICO N. 6B/2024/1S RILASCIATA IL 06/11/2024)
A160: 2490 | B160: =+VLOOKUP($A160,MAGAZZINO!$B$2:$M$100000,2,FALSE) | C160: =+VLOOKUP($A160,MAGAZZINO!$B$2:$M$100000,3,FALSE) | D160: =+VLOOKUP($A160,MAGAZZINO!$B$2:$M$100000,4,FALSE) | E160: =+VLOOKUP($A160,MAGAZZINO!$B$2:$M$100000,5,FALSE) | F160: =+VLOOKUP($A160,MAGAZZINO!$B$2:$M$100000,6,FALSE) | G160: =+VLOOKUP($A160,MAGAZZINO!$B$2:$M$100000,7,FALSE) | H160: =+VLOOKUP($A160,MAGAZZINO!$B$2:$M$100000,8,FALSE) | I160: =+VLOOKUP($A160,MAGAZZINO!$B$2:$M$100000,9,FALSE) | J160: =+VLOOKUP($A160,MAGAZZINO!$B$2:$M$100000,10,FALSE) | K160: =+VLOOKUP($A160,MAGAZZINO!$B$2:$M$100000,11,FALSE) | L160: =+VLOOKUP($A160,MAGAZZINO!$B$2:$M$100000,12,FALSE) | N160: 45609 | O160: HS & LLC (OMAN) | P160: IMPORT LICENSE N. 24/1/2463/1/2024 DEL 05/05/2024 AUT. ESPORTAZIONE MULTIPLA N. 6B/2024/2M RILASCIATA IL 30/07/2024 (LICENZA DI SCARICO N. 6B/2024/1S RILASCIATA IL 06/11/2024)
A161: 2491 | B161: =+VLOOKUP($A161,MAGAZZINO!$B$2:$M$100000,2,FALSE) | C161: =+VLOOKUP($A161,MAGAZZINO!$B$2:$M$100000,3,FALSE) | D161: =+VLOOKUP($A161,MAGAZZINO!$B$2:$M$100000,4,FALSE) | E161: =+VLOOKUP($A161,MAGAZZINO!$B$2:$M$100000,5,FALSE) | F161: =+VLOOKUP($A161,MAGAZZINO!$B$2:$M$100000,6,FALSE) | G161: =+VLOOKUP($A161,MAGAZZINO!$B$2:$M$100000,7,FALSE) | H161: =+VLOOKUP($A161,MAGAZZINO!$B$2:$M$100000,8,FALSE) | I161: =+VLOOKUP($A161,MAGAZZINO!$B$2:$M$100000,9,FALSE) | J161: =+VLOOKUP($A161,MAGAZZINO!$B$2:$M$100000,10,FALSE) | K161: =+VLOOKUP($A161,MAGAZZINO!$B$2:$M$100000,11,FALSE) | L161: =+VLOOKUP($A161,MAGAZZINO!$B$2:$M$100000,12,FALSE) | N161: 45609 | O161: HS & LLC (OMAN) | P161: IMPORT LICENSE N. 24/1/2463/1/2024 DEL 05/05/2024 AUT. ESPORTAZIONE MULTIPLA N. 6B/2024/2M RILASCIATA IL 30/07/2024 (LICENZA DI SCARICO N. 6B/2024/1S RILASCIATA IL 06/11/2024)
A162: 2492 | B162: =+VLOOKUP($A162,MAGAZZINO!$B$2:$M$100000,2,FALSE) | C162: =+VLOOKUP($A162,MAGAZZINO!$B$2:$M$100000,3,FALSE) | D162: =+VLOOKUP($A162,MAGAZZINO!$B$2:$M$100000,4,FALSE) | E162: =+VLOOKUP($A162,MAGAZZINO!$B$2:$M$100000,5,FALSE) | F162: =+VLOOKUP($A162,MAGAZZINO!$B$2:$M$100000,6,FALSE) | G162: =+VLOOKUP($A162,MAGAZZINO!$B$2:$M$100000,7,FALSE) | H162: =+VLOOKUP($A162,MAGAZZINO!$B$2:$M$100000,8,FALSE) | I162: =+VLOOKUP($A162,MAGAZZINO!$B$2:$M$100000,9,FALSE) | J162: =+VLOOKUP($A162,MAGAZZINO!$B$2:$M$100000,10,FALSE) | K162: =+VLOOKUP($A162,MAGAZZINO!$B$2:$M$100000,11,FALSE) | L162: =+VLOOKUP($A162,MAGAZZINO!$B$2:$M$100000,12,FALSE) | N162: 45609 | O162: HS & LLC (OMAN) | P162: IMPORT LICENSE N. 24/1/2463/1/2024 DEL 05/05/2024 AUT. ESPORTAZIONE MULTIPLA N. 6B/2024/2M RILASCIATA IL 30/07/2024 (LICENZA DI SCARICO N. 6B/2024/1S RILASCIATA IL 06/11/2024)
A163: 2493 | B163: =+VLOOKUP($A163,MAGAZZINO!$B$2:$M$100000,2,FALSE) | C163: =+VLOOKUP($A163,MAGAZZINO!$B$2:$M$100000,3,FALSE) | D163: =+VLOOKUP($A163,MAGAZZINO!$B$2:$M$100000,4,FALSE) | E163: =+VLOOKUP($A163,MAGAZZINO!$B$2:$M$100000,5,FALSE) | F163: =+VLOOKUP($A163,MAGAZZINO!$B$2:$M$100000,6,FALSE) | G163: =+VLOOKUP($A163,MAGAZZINO!$B$2:$M$100000,7,FALSE) | H163: =+VLOOKUP($A163,MAGAZZINO!$B$2:$M$100000,8,FALSE) | I163: =+VLOOKUP($A163,MAGAZZINO!$B$2:$M$100000,9,FALSE) | J163: =+VLOOKUP($A163,MAGAZZINO!$B$2:$M$100000,10,FALSE) | K163: =+VLOOKUP($A163,MAGAZZINO!$B$2:$M$100000,11,FALSE) | L163: =+VLOOKUP($A163,MAGAZZINO!$B$2:$M$100000,12,FALSE) | N163: 45609 | O163: HS & LLC (OMAN) | P163: IMPORT LICENSE N. 24/1/2463/1/2024 DEL 05/05/2024 AUT. ESPORTAZIONE MULTIPLA N. 6B/2024/2M RILASCIATA IL 30/07/2024 (LICENZA DI SCARICO N. 6B/2024/1S RILASCIATA IL 06/11/2024)
A164: 2494 | B164: =+VLOOKUP($A164,MAGAZZINO!$B$2:$M$100000,2,FALSE) | C164: =+VLOOKUP($A164,MAGAZZINO!$B$2:$M$100000,3,FALSE) | D164: =+VLOOKUP($A164,MAGAZZINO!$B$2:$M$100000,4,FALSE) | E164: =+VLOOKUP($A164,MAGAZZINO!$B$2:$M$100000,5,FALSE) | F164: =+VLOOKUP($A164,MAGAZZINO!$B$2:$M$100000,6,FALSE) | G164: =+VLOOKUP($A164,MAGAZZINO!$B$2:$M$100000,7,FALSE) | H164: =+VLOOKUP($A164,MAGAZZINO!$B$2:$M$100000,8,FALSE) | I164: =+VLOOKUP($A164,MAGAZZINO!$B$2:$M$100000,9,FALSE) | J164: =+VLOOKUP($A164,MAGAZZINO!$B$2:$M$100000,10,FALSE) | K164: =+VLOOKUP($A164,MAGAZZINO!$B$2:$M$100000,11,FALSE) | L164: =+VLOOKUP($A164,MAGAZZINO!$B$2:$M$100000,12,FALSE) | N164: 45609 | O164: HS & LLC (OMAN) | P164: IMPORT LICENSE N. 24/1/2463/1/2024 DEL 05/05/2024 AUT. ESPORTAZIONE MULTIPLA N. 6B/2024/2M RILASCIATA IL 30/07/2024 (LICENZA DI SCARICO N. 6B/2024/1S RILASCIATA IL 06/11/2024)
A165: 2495 | B165: =+VLOOKUP($A165,MAGAZZINO!$B$2:$M$100000,2,FALSE) | C165: =+VLOOKUP($A165,MAGAZZINO!$B$2:$M$100000,3,FALSE) | D165: =+VLOOKUP($A165,MAGAZZINO!$B$2:$M$100000,4,FALSE) | E165: =+VLOOKUP($A165,MAGAZZINO!$B$2:$M$100000,5,FALSE) | F165: =+VLOOKUP($A165,MAGAZZINO!$B$2:$M$100000,6,FALSE) | G165: =+VLOOKUP($A165,MAGAZZINO!$B$2:$M$100000,7,FALSE) | H165: =+VLOOKUP($A165,MAGAZZINO!$B$2:$M$100000,8,FALSE) | I165: =+VLOOKUP($A165,MAGAZZINO!$B$2:$M$100000,9,FALSE) | J165: =+VLOOKUP($A165,MAGAZZINO!$B$2:$M$100000,10,FALSE) | K165: =+VLOOKUP($A165,MAGAZZINO!$B$2:$M$100000,11,FALSE) | L165: =+VLOOKUP($A165,MAGAZZINO!$B$2:$M$100000,12,FALSE) | N165: 45609 | O165: HS & LLC (OMAN) | P165: IMPORT LICENSE N. 24/1/2463/1/2024 DEL 05/05/2024 AUT. ESPORTAZIONE MULTIPLA N. 6B/2024/2M RILASCIATA IL 30/07/2024 (LICENZA DI SCARICO N. 6B/2024/1S RILASCIATA IL 06/11/2024)
A166: 2496 | B166: =+VLOOKUP($A166,MAGAZZINO!$B$2:$M$100000,2,FALSE) | C166: =+VLOOKUP($A166,MAGAZZINO!$B$2:$M$100000,3,FALSE) | D166: =+VLOOKUP($A166,MAGAZZINO!$B$2:$M$100000,4,FALSE) | E166: =+VLOOKUP($A166,MAGAZZINO!$B$2:$M$100000,5,FALSE) | F166: =+VLOOKUP($A166,MAGAZZINO!$B$2:$M$100000,6,FALSE) | G166: =+VLOOKUP($A166,MAGAZZINO!$B$2:$M$100000,7,FALSE) | H166: =+VLOOKUP($A166,MAGAZZINO!$B$2:$M$100000,8,FALSE) | I166: =+VLOOKUP($A166,MAGAZZINO!$B$2:$M$100000,9,FALSE) | J166: =+VLOOKUP($A166,MAGAZZINO!$B$2:$M$100000,10,FALSE) | K166: =+VLOOKUP($A166,MAGAZZINO!$B$2:$M$100000,11,FALSE) | L166: =+VLOOKUP($A166,MAGAZZINO!$B$2:$M$100000,12,FALSE) | N166: 45609 | O166: HS & LLC (OMAN) | P166: IMPORT LICENSE N. 24/1/2463/1/2024 DEL 05/05/2024 AUT. ESPORTAZIONE MULTIPLA N. 6B/2024/2M RILASCIATA IL 30/07/2024 (LICENZA DI SCARICO N. 6B/2024/1S RILASCIATA IL 06/11/2024)
A167: 2497 | B167: =+VLOOKUP($A167,MAGAZZINO!$B$2:$M$100000,2,FALSE) | C167: =+VLOOKUP($A167,MAGAZZINO!$B$2:$M$100000,3,FALSE) | D167: =+VLOOKUP($A167,MAGAZZINO!$B$2:$M$100000,4,FALSE) | E167: =+VLOOKUP($A167,MAGAZZINO!$B$2:$M$100000,5,FALSE) | F167: =+VLOOKUP($A167,MAGAZZINO!$B$2:$M$100000,6,FALSE) | G167: =+VLOOKUP($A167,MAGAZZINO!$B$2:$M$100000,7,FALSE) | H167: =+VLOOKUP($A167,MAGAZZINO!$B$2:$M$100000,8,FALSE) | I167: =+VLOOKUP($A167,MAGAZZINO!$B$2:$M$100000,9,FALSE) | J167: =+VLOOKUP($A167,MAGAZZINO!$B$2:$M$100000,10,FALSE) | K167: =+VLOOKUP($A167,MAGAZZINO!$B$2:$M$100000,11,FALSE) | L167: =+VLOOKUP($A167,MAGAZZINO!$B$2:$M$100000,12,FALSE) | N167: 45609 | O167: HS & LLC (OMAN) | P167: IMPORT LICENSE N. 24/1/2463/1/2024 DEL 05/05/2024 AUT. ESPORTAZIONE MULTIPLA N. 6B/2024/2M RILASCIATA IL 30/07/2024 (LICENZA DI SCARICO N. 6B/2024/1S RILASCIATA IL 06/11/2024)
... A224: 2554 | B224: =+VLOOKUP($A224,MAGAZZINO!$B$2:$M$100000,2,FALSE) | C224: =+VLOOKUP($A224,MAGAZZINO!$B$2:$M$100000,3,FALSE) | D224: =+VLOOKUP($A224,MAGAZZINO!$B$2:$M$100000,4,FALSE) | E224: =+VLOOKUP($A224,MAGAZZINO!$B$2:$M$100000,5,FALSE) | F224: =+VLOOKUP($A224,MAGAZZINO!$B$2:$M$100000,6,FALSE) | G224: =+VLOOKUP($A224,MAGAZZINO!$B$2:$M$100000,7,FALSE) | H224: =+VLOOKUP($A224,MAGAZZINO!$B$2:$M$100000,8,FALSE) | I224: =+VLOOKUP($A224,MAGAZZINO!$B$2:$M$100000,9,FALSE) | J224: =+VLOOKUP($A224,MAGAZZINO!$B$2:$M$100000,10,FALSE) | K224: =+VLOOKUP($A224,MAGAZZINO!$B$2:$M$100000,11,FALSE) | L224: =+VLOOKUP($A224,MAGAZZINO!$B$2:$M$100000,12,FALSE) | N224: 45821 | O224: PHILIPPOS CONSTANTINIDES TRADING CO. LTD (CIPRO) | P224: IMPORT LICENSE N. 218 DEL 12/08/2020 AUT. TRASFERIMENTO N. 6B/2025/1D RILASCIATA IL 30/05/2025
A225: 2555 | B225: =+VLOOKUP($A225,MAGAZZINO!$B$2:$M$100000,2,FALSE) | C225: =+VLOOKUP($A225,MAGAZZINO!$B$2:$M$100000,3,FALSE) | D225: =+VLOOKUP($A225,MAGAZZINO!$B$2:$M$100000,4,FALSE) | E225: =+VLOOKUP($A225,MAGAZZINO!$B$2:$M$100000,5,FALSE) | F225: =+VLOOKUP($A225,MAGAZZINO!$B$2:$M$100000,6,FALSE) | G225: =+VLOOKUP($A225,MAGAZZINO!$B$2:$M$100000,7,FALSE) | H225: =+VLOOKUP($A225,MAGAZZINO!$B$2:$M$100000,8,FALSE) | I225: =+VLOOKUP($A225,MAGAZZINO!$B$2:$M$100000,9,FALSE) | J225: =+VLOOKUP($A225,MAGAZZINO!$B$2:$M$100000,10,FALSE) | K225: =+VLOOKUP($A225,MAGAZZINO!$B$2:$M$100000,11,FALSE) | L225: =+VLOOKUP($A225,MAGAZZINO!$B$2:$M$100000,12,FALSE)
A226: 2556 | B226: =+VLOOKUP($A226,MAGAZZINO!$B$2:$M$100000,2,FALSE) | C226: =+VLOOKUP($A226,MAGAZZINO!$B$2:$M$100000,3,FALSE) | D226: =+VLOOKUP($A226,MAGAZZINO!$B$2:$M$100000,4,FALSE) | E226: =+VLOOKUP($A226,MAGAZZINO!$B$2:$M$100000,5,FALSE) | F226: =+VLOOKUP($A226,MAGAZZINO!$B$2:$M$100000,6,FALSE) | G226: =+VLOOKUP($A226,MAGAZZINO!$B$2:$M$100000,7,FALSE) | H226: =+VLOOKUP($A226,MAGAZZINO!$B$2:$M$100000,8,FALSE) | I226: =+VLOOKUP($A226,MAGAZZINO!$B$2:$M$100000,9,FALSE) | J226: =+VLOOKUP($A226,MAGAZZINO!$B$2:$M$100000,10,FALSE) | K226: =+VLOOKUP($A226,MAGAZZINO!$B$2:$M$100000,11,FALSE) | L226: =+VLOOKUP($A226,MAGAZZINO!$B$2:$M$100000,12,FALSE)
A227: 2557 | B227: =+VLOOKUP($A227,MAGAZZINO!$B$2:$M$100000,2,FALSE) | C227: =+VLOOKUP($A227,MAGAZZINO!$B$2:$M$100000,3,FALSE) | D227: =+VLOOKUP($A227,MAGAZZINO!$B$2:$M$100000,4,FALSE) | E227: =+VLOOKUP($A227,MAGAZZINO!$B$2:$M$100000,5,FALSE) | F227: =+VLOOKUP($A227,MAGAZZINO!$B$2:$M$100000,6,FALSE) | G227: =+VLOOKUP($A227,MAGAZZINO!$B$2:$M$100000,7,FALSE) | H227: =+VLOOKUP($A227,MAGAZZINO!$B$2:$M$100000,8,FALSE) | I227: =+VLOOKUP($A227,MAGAZZINO!$B$2:$M$100000,9,FALSE) | J227: =+VLOOKUP($A227,MAGAZZINO!$B$2:$M$100000,10,FALSE) | K227: =+VLOOKUP($A227,MAGAZZINO!$B$2:$M$100000,11,FALSE) | L227: =+VLOOKUP($A227,MAGAZZINO!$B$2:$M$100000,12,FALSE)
A228: 2558 | B228: =+VLOOKUP($A228,MAGAZZINO!$B$2:$M$100000,2,FALSE) | C228: =+VLOOKUP($A228,MAGAZZINO!$B$2:$M$100000,3,FALSE) | D228: =+VLOOKUP($A228,MAGAZZINO!$B$2:$M$100000,4,FALSE) | E228: =+VLOOKUP($A228,MAGAZZINO!$B$2:$M$100000,5,FALSE) | F228: =+VLOOKUP($A228,MAGAZZINO!$B$2:$M$100000,6,FALSE) | G228: =+VLOOKUP($A228,MAGAZZINO!$B$2:$M$100000,7,FALSE) | H228: =+VLOOKUP($A228,MAGAZZINO!$B$2:$M$100000,8,FALSE) | I228: =+VLOOKUP($A228,MAGAZZINO!$B$2:$M$100000,9,FALSE) | J228: =+VLOOKUP($A228,MAGAZZINO!$B$2:$M$100000,10,FALSE) | K228: =+VLOOKUP($A228,MAGAZZINO!$B$2:$M$100000,11,FALSE) | L228: =+VLOOKUP($A228,MAGAZZINO!$B$2:$M$100000,12,FALSE)
A229: 2559 | B229: =+VLOOKUP($A229,MAGAZZINO!$B$2:$M$100000,2,FALSE) | C229: =+VLOOKUP($A229,MAGAZZINO!$B$2:$M$100000,3,FALSE) | D229: =+VLOOKUP($A229,MAGAZZINO!$B$2:$M$100000,4,FALSE) | E229: =+VLOOKUP($A229,MAGAZZINO!$B$2:$M$100000,5,FALSE) | F229: =+VLOOKUP($A229,MAGAZZINO!$B$2:$M$100000,6,FALSE) | G229: =+VLOOKUP($A229,MAGAZZINO!$B$2:$M$100000,7,FALSE) | H229: =+VLOOKUP($A229,MAGAZZINO!$B$2:$M$100000,8,FALSE) | I229: =+VLOOKUP($A229,MAGAZZINO!$B$2:$M$100000,9,FALSE) | J229: =+VLOOKUP($A229,MAGAZZINO!$B$2:$M$100000,10,FALSE) | K229: =+VLOOKUP($A229,MAGAZZINO!$B$2:$M$100000,11,FALSE) | L229: =+VLOOKUP($A229,MAGAZZINO!$B$2:$M$100000,12,FALSE)
A230: 2560 | B230: =+VLOOKUP($A230,MAGAZZINO!$B$2:$M$100000,2,FALSE) | C230: =+VLOOKUP($A230,MAGAZZINO!$B$2:$M$100000,3,FALSE) | D230: =+VLOOKUP($A230,MAGAZZINO!$B$2:$M$100000,4,FALSE) | E230: =+VLOOKUP($A230,MAGAZZINO!$B$2:$M$100000,5,FALSE) | F230: =+VLOOKUP($A230,MAGAZZINO!$B$2:$M$100000,6,FALSE) | G230: =+VLOOKUP($A230,MAGAZZINO!$B$2:$M$100000,7,FALSE) | H230: =+VLOOKUP($A230,MAGAZZINO!$B$2:$M$100000,8,FALSE) | I230: =+VLOOKUP($A230,MAGAZZINO!$B$2:$M$100000,9,FALSE) | J230: =+VLOOKUP($A230,MAGAZZINO!$B$2:$M$100000,10,FALSE) | K230: =+VLOOKUP($A230,MAGAZZINO!$B$2:$M$100000,11,FALSE) | L230: =+VLOOKUP($A230,MAGAZZINO!$B$2:$M$100000,12,FALSE)
A231: 2561 | B231: =+VLOOKUP($A231,MAGAZZINO!$B$2:$M$100000,2,FALSE) | C231: =+VLOOKUP($A231,MAGAZZINO!$B$2:$M$100000,3,FALSE) | D231: =+VLOOKUP($A231,MAGAZZINO!$B$2:$M$100000,4,FALSE) | E231: =+VLOOKUP($A231,MAGAZZINO!$B$2:$M$100000,5,FALSE) | F231: =+VLOOKUP($A231,MAGAZZINO!$B$2:$M$100000,6,FALSE) | G231: =+VLOOKUP($A231,MAGAZZINO!$B$2:$M$100000,7,FALSE) | H231: =+VLOOKUP($A231,MAGAZZINO!$B$2:$M$100000,8,FALSE) | I231: =+VLOOKUP($A231,MAGAZZINO!$B$2:$M$100000,9,FALSE) | J231: =+VLOOKUP($A231,MAGAZZINO!$B$2:$M$100000,10,FALSE) | K231: =+VLOOKUP($A231,MAGAZZINO!$B$2:$M$100000,11,FALSE) | L231: =+VLOOKUP($A231,MAGAZZINO!$B$2:$M$100000,12,FALSE)
A232: 2562 | B232: =+VLOOKUP($A232,MAGAZZINO!$B$2:$M$100000,2,FALSE) | C232: =+VLOOKUP($A232,MAGAZZINO!$B$2:$M$100000,3,FALSE) | D232: =+VLOOKUP($A232,MAGAZZINO!$B$2:$M$100000,4,FALSE) | E232: =+VLOOKUP($A232,MAGAZZINO!$B$2:$M$100000,5,FALSE) | F232: =+VLOOKUP($A232,MAGAZZINO!$B$2:$M$100000,6,FALSE) | G232: =+VLOOKUP($A232,MAGAZZINO!$B$2:$M$100000,7,FALSE) | H232: =+VLOOKUP($A232,MAGAZZINO!$B$2:$M$100000,8,FALSE) | I232: =+VLOOKUP($A232,MAGAZZINO!$B$2:$M$100000,9,FALSE) | J232: =+VLOOKUP($A232,MAGAZZINO!$B$2:$M$100000,10,FALSE) | K232: =+VLOOKUP($A232,MAGAZZINO!$B$2:$M$100000,11,FALSE) | L232: =+VLOOKUP($A232,MAGAZZINO!$B$2:$M$100000,12,FALSE)
A233: 2563 | B233: =+VLOOKUP($A233,MAGAZZINO!$B$2:$M$100000,2,FALSE) | C233: =+VLOOKUP($A233,MAGAZZINO!$B$2:$M$100000,3,FALSE) | D233: =+VLOOKUP($A233,MAGAZZINO!$B$2:$M$100000,4,FALSE) | E233: =+VLOOKUP($A233,MAGAZZINO!$B$2:$M$100000,5,FALSE) | F233: =+VLOOKUP($A233,MAGAZZINO!$B$2:$M$100000,6,FALSE) | G233: =+VLOOKUP($A233,MAGAZZINO!$B$2:$M$100000,7,FALSE) | H233: =+VLOOKUP($A233,MAGAZZINO!$B$2:$M$100000,8,FALSE) | I233: =+VLOOKUP($A233,MAGAZZINO!$B$2:$M$100000,9,FALSE) | J233: =+VLOOKUP($A233,MAGAZZINO!$B$2:$M$100000,10,FALSE) | K233: =+VLOOKUP($A233,MAGAZZINO!$B$2:$M$100000,11,FALSE) | L233: =+VLOOKUP($A233,MAGAZZINO!$B$2:$M$100000,12,FALSE) | N233: 45769 | O233: HS & LLC (OMAN) | P233: IMPORT LICENSE N. 24/1/2463/1/2024 DEL 05/05/2024 AUT. ESPORTAZIONE MULTIPLA N. 6B/2024/2M RILASCIATA IL 30/07/2024 (LICENZA DI SCARICO N. 6B/2025/1S RILASCIATA IL 15/04/2025)
A234: 2564 | B234: =+VLOOKUP($A234,MAGAZZINO!$B$2:$M$100000,2,FALSE) | C234: =+VLOOKUP($A234,MAGAZZINO!$B$2:$M$100000,3,FALSE) | D234: =+VLOOKUP($A234,MAGAZZINO!$B$2:$M$100000,4,FALSE) | E234: =+VLOOKUP($A234,MAGAZZINO!$B$2:$M$100000,5,FALSE) | F234: =+VLOOKUP($A234,MAGAZZINO!$B$2:$M$100000,6,FALSE) | G234: =+VLOOKUP($A234,MAGAZZINO!$B$2:$M$100000,7,FALSE) | H234: =+VLOOKUP($A234,MAGAZZINO!$B$2:$M$100000,8,FALSE) | I234: =+VLOOKUP($A234,MAGAZZINO!$B$2:$M$100000,9,FALSE) | J234: =+VLOOKUP($A234,MAGAZZINO!$B$2:$M$100000,10,FALSE) | K234: =+VLOOKUP($A234,MAGAZZINO!$B$2:$M$100000,11,FALSE) | L234: =+VLOOKUP($A234,MAGAZZINO!$B$2:$M$100000,12,FALSE) | N234: 45769 | O234: HS & LLC (OMAN) | P234: IMPORT LICENSE N. 24/1/2463/1/2024 DEL 05/05/2024 AUT. ESPORTAZIONE MULTIPLA N. 6B/2024/2M RILASCIATA IL 30/07/2024 (LICENZA DI SCARICO N. 6B/2025/1S RILASCIATA IL 15/04/2025)
A235: 2565 | B235: =+VLOOKUP($A235,MAGAZZINO!$B$2:$M$100000,2,FALSE) | C235: =+VLOOKUP($A235,MAGAZZINO!$B$2:$M$100000,3,FALSE) | D235: =+VLOOKUP($A235,MAGAZZINO!$B$2:$M$100000,4,FALSE) | E235: =+VLOOKUP($A235,MAGAZZINO!$B$2:$M$100000,5,FALSE) | F235: =+VLOOKUP($A235,MAGAZZINO!$B$2:$M$100000,6,FALSE) | G235: =+VLOOKUP($A235,MAGAZZINO!$B$2:$M$100000,7,FALSE) | H235: =+VLOOKUP($A235,MAGAZZINO!$B$2:$M$100000,8,FALSE) | I235: =+VLOOKUP($A235,MAGAZZINO!$B$2:$M$100000,9,FALSE) | J235: =+VLOOKUP($A235,MAGAZZINO!$B$2:$M$100000,10,FALSE) | K235: =+VLOOKUP($A235,MAGAZZINO!$B$2:$M$100000,11,FALSE) | L235: =+VLOOKUP($A235,MAGAZZINO!$B$2:$M$100000,12,FALSE) | N235: 45769 | O235: HS & LLC (OMAN) | P235: IMPORT LICENSE N. 24/1/2463/1/2024 DEL 05/05/2024 AUT. ESPORTAZIONE MULTIPLA N. 6B/2024/2M RILASCIATA IL 30/07/2024 (LICENZA DI SCARICO N. 6B/2025/1S RILASCIATA IL 15/04/2025)
A236: 2566 | B236: =+VLOOKUP($A236,MAGAZZINO!$B$2:$M$100000,2,FALSE) | C236: =+VLOOKUP($A236,MAGAZZINO!$B$2:$M$100000,3,FALSE) | D236: =+VLOOKUP($A236,MAGAZZINO!$B$2:$M$100000,4,FALSE) | E236: =+VLOOKUP($A236,MAGAZZINO!$B$2:$M$100000,5,FALSE) | F236: =+VLOOKUP($A236,MAGAZZINO!$B$2:$M$100000,6,FALSE) | G236: =+VLOOKUP($A236,MAGAZZINO!$B$2:$M$100000,7,FALSE) | H236: =+VLOOKUP($A236,MAGAZZINO!$B$2:$M$100000,8,FALSE) | I236: =+VLOOKUP($A236,MAGAZZINO!$B$2:$M$100000,9,FALSE) | J236: =+VLOOKUP($A236,MAGAZZINO!$B$2:$M$100000,10,FALSE) | K236: =+VLOOKUP($A236,MAGAZZINO!$B$2:$M$100000,11,FALSE) | L236: =+VLOOKUP($A236,MAGAZZINO!$B$2:$M$100000,12,FALSE)
A237: 2567 | B237: =+VLOOKUP($A237,MAGAZZINO!$B$2:$M$100000,2,FALSE) | C237: =+VLOOKUP($A237,MAGAZZINO!$B$2:$M$100000,3,FALSE) | D237: =+VLOOKUP($A237,MAGAZZINO!$B$2:$M$100000,4,FALSE) | E237: =+VLOOKUP($A237,MAGAZZINO!$B$2:$M$100000,5,FALSE) | F237: =+VLOOKUP($A237,MAGAZZINO!$B$2:$M$100000,6,FALSE) | G237: =+VLOOKUP($A237,MAGAZZINO!$B$2:$M$100000,7,FALSE) | H237: =+VLOOKUP($A237,MAGAZZINO!$B$2:$M$100000,8,FALSE) | I237: =+VLOOKUP($A237,MAGAZZINO!$B$2:$M$100000,9,FALSE) | J237: =+VLOOKUP($A237,MAGAZZINO!$B$2:$M$100000,10,FALSE) | K237: =+VLOOKUP($A237,MAGAZZINO!$B$2:$M$100000,11,FALSE) | L237: =+VLOOKUP($A237,MAGAZZINO!$B$2:$M$100000,12,FALSE)
A238: 2568 | B238: =+VLOOKUP($A238,MAGAZZINO!$B$2:$M$100000,2,FALSE) | C238: =+VLOOKUP($A238,MAGAZZINO!$B$2:$M$100000,3,FALSE) | D238: =+VLOOKUP($A238,MAGAZZINO!$B$2:$M$100000,4,FALSE) | E238: =+VLOOKUP($A238,MAGAZZINO!$B$2:$M$100000,5,FALSE) | F238: =+VLOOKUP($A238,MAGAZZINO!$B$2:$M$100000,6,FALSE) | G238: =+VLOOKUP($A238,MAGAZZINO!$B$2:$M$100000,7,FALSE) | H238: =+VLOOKUP($A238,MAGAZZINO!$B$2:$M$100000,8,FALSE) | I238: =+VLOOKUP($A238,MAGAZZINO!$B$2:$M$100000,9,FALSE) | J238: =+VLOOKUP($A238,MAGAZZINO!$B$2:$M$100000,10,FALSE) | K238: =+VLOOKUP($A238,MAGAZZINO!$B$2:$M$100000,11,FALSE) | L238: =+VLOOKUP($A238,MAGAZZINO!$B$2:$M$100000,12,FALSE)
A239: 2569 | B239: =+VLOOKUP($A239,MAGAZZINO!$B$2:$M$100000,2,FALSE) | C239: =+VLOOKUP($A239,MAGAZZINO!$B$2:$M$100000,3,FALSE) | D239: =+VLOOKUP($A239,MAGAZZINO!$B$2:$M$100000,4,FALSE) | E239: =+VLOOKUP($A239,MAGAZZINO!$B$2:$M$100000,5,FALSE) | F239: =+VLOOKUP($A239,MAGAZZINO!$B$2:$M$100000,6,FALSE) | G239: =+VLOOKUP($A239,MAGAZZINO!$B$2:$M$100000,7,FALSE) | H239: =+VLOOKUP($A239,MAGAZZINO!$B$2:$M$100000,8,FALSE) | I239: =+VLOOKUP($A239,MAGAZZINO!$B$2:$M$100000,9,FALSE) | J239: =+VLOOKUP($A239,MAGAZZINO!$B$2:$M$100000,10,FALSE) | K239: =+VLOOKUP($A239,MAGAZZINO!$B$2:$M$100000,11,FALSE) | L239: =+VLOOKUP($A239,MAGAZZINO!$B$2:$M$100000,12,FALSE)
A240: 2570 | B240: =+VLOOKUP($A240,MAGAZZINO!$B$2:$M$100000,2,FALSE) | C240: =+VLOOKUP($A240,MAGAZZINO!$B$2:$M$100000,3,FALSE) | D240: =+VLOOKUP($A240,MAGAZZINO!$B$2:$M$100000,4,FALSE) | E240: =+VLOOKUP($A240,MAGAZZINO!$B$2:$M$100000,5,FALSE) | F240: =+VLOOKUP($A240,MAGAZZINO!$B$2:$M$100000,6,FALSE) | G240: =+VLOOKUP($A240,MAGAZZINO!$B$2:$M$100000,7,FALSE) | H240: =+VLOOKUP($A240,MAGAZZINO!$B$2:$M$100000,8,FALSE) | I240: =+VLOOKUP($A240,MAGAZZINO!$B$2:$M$100000,9,FALSE) | J240: =+VLOOKUP($A240,MAGAZZINO!$B$2:$M$100000,10,FALSE) | K240: =+VLOOKUP($A240,MAGAZZINO!$B$2:$M$100000,11,FALSE) | L240: =+VLOOKUP($A240,MAGAZZINO!$B$2:$M$100000,12,FALSE)
A241: 2571 | B241: =+VLOOKUP($A241,MAGAZZINO!$B$2:$M$100000,2,FALSE) | C241: =+VLOOKUP($A241,MAGAZZINO!$B$2:$M$100000,3,FALSE) | D241: =+VLOOKUP($A241,MAGAZZINO!$B$2:$M$100000,4,FALSE) | E241: =+VLOOKUP($A241,MAGAZZINO!$B$2:$M$100000,5,FALSE) | F241: =+VLOOKUP($A241,MAGAZZINO!$B$2:$M$100000,6,FALSE) | G241: =+VLOOKUP($A241,MAGAZZINO!$B$2:$M$100000,7,FALSE) | H241: =+VLOOKUP($A241,MAGAZZINO!$B$2:$M$100000,8,FALSE) | I241: =+VLOOKUP($A241,MAGAZZINO!$B$2:$M$100000,9,FALSE) | J241: =+VLOOKUP($A241,MAGAZZINO!$B$2:$M$100000,10,FALSE) | K241: =+VLOOKUP($A241,MAGAZZINO!$B$2:$M$100000,11,FALSE) | L241: =+VLOOKUP($A241,MAGAZZINO!$B$2:$M$100000,12,FALSE)
A242: 2572 | B242: =+VLOOKUP($A242,MAGAZZINO!$B$2:$M$100000,2,FALSE) | C242: =+VLOOKUP($A242,MAGAZZINO!$B$2:$M$100000,3,FALSE) | D242: =+VLOOKUP($A242,MAGAZZINO!$B$2:$M$100000,4,FALSE) | E242: =+VLOOKUP($A242,MAGAZZINO!$B$2:$M$100000,5,FALSE) | F242: =+VLOOKUP($A242,MAGAZZINO!$B$2:$M$100000,6,FALSE) | G242: =+VLOOKUP($A242,MAGAZZINO!$B$2:$M$100000,7,FALSE) | H242: =+VLOOKUP($A242,MAGAZZINO!$B$2:$M$100000,8,FALSE) | I242: =+VLOOKUP($A242,MAGAZZINO!$B$2:$M$100000,9,FALSE) | J242: =+VLOOKUP($A242,MAGAZZINO!$B$2:$M$100000,10,FALSE) | K242: =+VLOOKUP($A242,MAGAZZINO!$B$2:$M$100000,11,FALSE) | L242: =+VLOOKUP($A242,MAGAZZINO!$B$2:$M$100000,12,FALSE)
A243: 2573 | B243: =+VLOOKUP($A243,MAGAZZINO!$B$2:$M$100000,2,FALSE) | C243: =+VLOOKUP($A243,MAGAZZINO!$B$2:$M$100000,3,FALSE) | D243: =+VLOOKUP($A243,MAGAZZINO!$B$2:$M$100000,4,FALSE) | E243: =+VLOOKUP($A243,MAGAZZINO!$B$2:$M$100000,5,FALSE) | F243: =+VLOOKUP($A243,MAGAZZINO!$B$2:$M$100000,6,FALSE) | G243: =+VLOOKUP($A243,MAGAZZINO!$B$2:$M$100000,7,FALSE) | H243: =+VLOOKUP($A243,MAGAZZINO!$B$2:$M$100000,8,FALSE) | I243: =+VLOOKUP($A243,MAGAZZINO!$B$2:$M$100000,9,FALSE) | J243: =+VLOOKUP($A243,MAGAZZINO!$B$2:$M$100000,10,FALSE) | K243: =+VLOOKUP($A243,MAGAZZINO!$B$2:$M$100000,11,FALSE) | L243: =+VLOOKUP($A243,MAGAZZINO!$B$2:$M$100000,12,FALSE) | N243: 45874 | O243: PHILIPPOS CONSTANTINIDES TRADING CO. LTD (CIPRO) | P243: IMPORT LICENSE N. 218 DEL 12/08/2020 AUT. TRASFERIMENTO N. 6B/2025/3D RILASCIATA IL 28/07/2025
A244: 2574 | B244: =+VLOOKUP($A244,MAGAZZINO!$B$2:$M$100000,2,FALSE) | C244: =+VLOOKUP($A244,MAGAZZINO!$B$2:$M$100000,3,FALSE) | D244: =+VLOOKUP($A244,MAGAZZINO!$B$2:$M$100000,4,FALSE) | E244: =+VLOOKUP($A244,MAGAZZINO!$B$2:$M$100000,5,FALSE) | F244: =+VLOOKUP($A244,MAGAZZINO!$B$2:$M$100000,6,FALSE) | G244: =+VLOOKUP($A244,MAGAZZINO!$B$2:$M$100000,7,FALSE) | H244: =+VLOOKUP($A244,MAGAZZINO!$B$2:$M$100000,8,FALSE) | I244: =+VLOOKUP($A244,MAGAZZINO!$B$2:$M$100000,9,FALSE) | J244: =+VLOOKUP($A244,MAGAZZINO!$B$2:$M$100000,10,FALSE) | K244: =+VLOOKUP($A244,MAGAZZINO!$B$2:$M$100000,11,FALSE) | L244: =+VLOOKUP($A244,MAGAZZINO!$B$2:$M$100000,12,FALSE) | N244: 45769 | O244: HS & LLC (OMAN) | P244: IMPORT LICENSE N. 24/1/2463/1/2024 DEL 05/05/2024 AUT. ESPORTAZIONE MULTIPLA N. 6B/2024/2M RILASCIATA IL 30/07/2024 (LICENZA DI SCARICO N. 6B/2025/1S RILASCIATA IL 15/04/2025)
A245: 2575 | B245: =+VLOOKUP($A245,MAGAZZINO!$B$2:$M$100000,2,FALSE) | C245: =+VLOOKUP($A245,MAGAZZINO!$B$2:$M$100000,3,FALSE) | D245: =+VLOOKUP($A245,MAGAZZINO!$B$2:$M$100000,4,FALSE) | E245: =+VLOOKUP($A245,MAGAZZINO!$B$2:$M$100000,5,FALSE) | F245: =+VLOOKUP($A245,MAGAZZINO!$B$2:$M$100000,6,FALSE) | G245: =+VLOOKUP($A245,MAGAZZINO!$B$2:$M$100000,7,FALSE) | H245: =+VLOOKUP($A245,MAGAZZINO!$B$2:$M$100000,8,FALSE) | I245: =+VLOOKUP($A245,MAGAZZINO!$B$2:$M$100000,9,FALSE) | J245: =+VLOOKUP($A245,MAGAZZINO!$B$2:$M$100000,10,FALSE) | K245: =+VLOOKUP($A245,MAGAZZINO!$B$2:$M$100000,11,FALSE) | L245: =+VLOOKUP($A245,MAGAZZINO!$B$2:$M$100000,12,FALSE) | N245: 45769 | O245: HS & LLC (OMAN) | P245: IMPORT LICENSE N. 24/1/2463/1/2024 DEL 05/05/2024 AUT. ESPORTAZIONE MULTIPLA N. 6B/2024/2M RILASCIATA IL 30/07/2024 (LICENZA DI SCARICO N. 6B/2025/1S RILASCIATA IL 15/04/2025)
A246: 2576 | B246: =+VLOOKUP($A246,MAGAZZINO!$B$2:$M$100000,2,FALSE) | C246: =+VLOOKUP($A246,MAGAZZINO!$B$2:$M$100000,3,FALSE) | D246: =+VLOOKUP($A246,MAGAZZINO!$B$2:$M$100000,4,FALSE) | E246: =+VLOOKUP($A246,MAGAZZINO!$B$2:$M$100000,5,FALSE) | F246: =+VLOOKUP($A246,MAGAZZINO!$B$2:$M$100000,6,FALSE) | G246: =+VLOOKUP($A246,MAGAZZINO!$B$2:$M$100000,7,FALSE) | H246: =+VLOOKUP($A246,MAGAZZINO!$B$2:$M$100000,8,FALSE) | I246: =+VLOOKUP($A246,MAGAZZINO!$B$2:$M$100000,9,FALSE) | J246: =+VLOOKUP($A246,MAGAZZINO!$B$2:$M$100000,10,FALSE) | K246: =+VLOOKUP($A246,MAGAZZINO!$B$2:$M$100000,11,FALSE) | L246: =+VLOOKUP($A246,MAGAZZINO!$B$2:$M$100000,12,FALSE) | N246: 45769 | O246: HS & LLC (OMAN) | P246: IMPORT LICENSE N. 24/1/2463/1/2024 DEL 05/05/2024 AUT. ESPORTAZIONE MULTIPLA N. 6B/2024/2M RILASCIATA IL 30/07/2024 (LICENZA DI SCARICO N. 6B/2025/1S RILASCIATA IL 15/04/2025)
A247: 2577 | B247: =+VLOOKUP($A247,MAGAZZINO!$B$2:$M$100000,2,FALSE) | C247: =+VLOOKUP($A247,MAGAZZINO!$B$2:$M$100000,3,FALSE) | D247: =+VLOOKUP($A247,MAGAZZINO!$B$2:$M$100000,4,FALSE) | E247: =+VLOOKUP($A247,MAGAZZINO!$B$2:$M$100000,5,FALSE) | F247: =+VLOOKUP($A247,MAGAZZINO!$B$2:$M$100000,6,FALSE) | G247: =+VLOOKUP($A247,MAGAZZINO!$B$2:$M$100000,7,FALSE) | H247: =+VLOOKUP($A247,MAGAZZINO!$B$2:$M$100000,8,FALSE) | I247: =+VLOOKUP($A247,MAGAZZINO!$B$2:$M$100000,9,FALSE) | J247: =+VLOOKUP($A247,MAGAZZINO!$B$2:$M$100000,10,FALSE) | K247: =+VLOOKUP($A247,MAGAZZINO!$B$2:$M$100000,11,FALSE) | L247: =+VLOOKUP($A247,MAGAZZINO!$B$2:$M$100000,12,FALSE) | N247: 45769 | O247: HS & LLC (OMAN) | P247: IMPORT LICENSE N. 24/1/2463/1/2024 DEL 05/05/2024 AUT. ESPORTAZIONE MULTIPLA N. 6B/2024/2M RILASCIATA IL 30/07/2024 (LICENZA DI SCARICO N. 6B/2025/1S RILASCIATA IL 15/04/2025)
A248: 2578 | B248: =+VLOOKUP($A248,MAGAZZINO!$B$2:$M$100000,2,FALSE) | C248: =+VLOOKUP($A248,MAGAZZINO!$B$2:$M$100000,3,FALSE) | D248: =+VLOOKUP($A248,MAGAZZINO!$B$2:$M$100000,4,FALSE) | E248: =+VLOOKUP($A248,MAGAZZINO!$B$2:$M$100000,5,FALSE) | F248: =+VLOOKUP($A248,MAGAZZINO!$B$2:$M$100000,6,FALSE) | G248: =+VLOOKUP($A248,MAGAZZINO!$B$2:$M$100000,7,FALSE) | H248: =+VLOOKUP($A248,MAGAZZINO!$B$2:$M$100000,8,FALSE) | I248: =+VLOOKUP($A248,MAGAZZINO!$B$2:$M$100000,9,FALSE) | J248: =+VLOOKUP($A248,MAGAZZINO!$B$2:$M$100000,10,FALSE) | K248: =+VLOOKUP($A248,MAGAZZINO!$B$2:$M$100000,11,FALSE) | L248: =+VLOOKUP($A248,MAGAZZINO!$B$2:$M$100000,12,FALSE) | N248: 45769 | O248: HS & LLC (OMAN) | P248: IMPORT LICENSE N. 24/1/2463/1/2024 DEL 05/05/2024 AUT. ESPORTAZIONE MULTIPLA N. 6B/2024/2M RILASCIATA IL 30/07/2024 (LICENZA DI SCARICO N. 6B/2025/1S RILASCIATA IL 15/04/2025)
A249: 2579 | B249: =+VLOOKUP($A249,MAGAZZINO!$B$2:$M$100000,2,FALSE) | C249: =+VLOOKUP($A249,MAGAZZINO!$B$2:$M$100000,3,FALSE) | D249: =+VLOOKUP($A249,MAGAZZINO!$B$2:$M$100000,4,FALSE) | E249: =+VLOOKUP($A249,MAGAZZINO!$B$2:$M$100000,5,FALSE) | F249: =+VLOOKUP($A249,MAGAZZINO!$B$2:$M$100000,6,FALSE) | G249: =+VLOOKUP($A249,MAGAZZINO!$B$2:$M$100000,7,FALSE) | H249: =+VLOOKUP($A249,MAGAZZINO!$B$2:$M$100000,8,FALSE) | I249: =+VLOOKUP($A249,MAGAZZINO!$B$2:$M$100000,9,FALSE) | J249: =+VLOOKUP($A249,MAGAZZINO!$B$2:$M$100000,10,FALSE) | K249: =+VLOOKUP($A249,MAGAZZINO!$B$2:$M$100000,11,FALSE) | L249: =+VLOOKUP($A249,MAGAZZINO!$B$2:$M$100000,12,FALSE) | N249: 45769 | O249: HS & LLC (OMAN) | P249: IMPORT LICENSE N. 24/1/2463/1/2024 DEL 05/05/2024 AUT. ESPORTAZIONE MULTIPLA N. 6B/2024/2M RILASCIATA IL 30/07/2024 (LICENZA DI SCARICO N. 6B/2025/1S RILASCIATA IL 15/04/2025)
A250: 2580 | B250: =+VLOOKUP($A250,MAGAZZINO!$B$2:$M$100000,2,FALSE) | C250: =+VLOOKUP($A250,MAGAZZINO!$B$2:$M$100000,3,FALSE) | D250: =+VLOOKUP($A250,MAGAZZINO!$B$2:$M$100000,4,FALSE) | E250: =+VLOOKUP($A250,MAGAZZINO!$B$2:$M$100000,5,FALSE) | F250: =+VLOOKUP($A250,MAGAZZINO!$B$2:$M$100000,6,FALSE) | G250: =+VLOOKUP($A250,MAGAZZINO!$B$2:$M$100000,7,FALSE) | H250: =+VLOOKUP($A250,MAGAZZINO!$B$2:$M$100000,8,FALSE) | I250: =+VLOOKUP($A250,MAGAZZINO!$B$2:$M$100000,9,FALSE) | J250: =+VLOOKUP($A250,MAGAZZINO!$B$2:$M$100000,10,FALSE) | K250: =+VLOOKUP($A250,MAGAZZINO!$B$2:$M$100000,11,FALSE) | L250: =+VLOOKUP($A250,MAGAZZINO!$B$2:$M$100000,12,FALSE) | N250: 45769 | O250: HS & LLC (OMAN) | P250: IMPORT LICENSE N. 24/1/2463/1/2024 DEL 05/05/2024 AUT. ESPORTAZIONE MULTIPLA N. 6B/2024/2M RILASCIATA IL 30/07/2024 (LICENZA DI SCARICO N. 6B/2025/1S RILASCIATA IL 15/04/2025)
...

Sheet BASE
T22: .
T41: .
T60: .
T79: .
T98: .
T117: .
T136: .
T155: .
T174: .
T193: .
T212: .
T231: .
... T1903: .

Sheet PRINT
A4: =+REGISTRO!A4 | B4: =+VLOOKUP($A4,MAGAZZINO!$B$2:$M$4838,2,FALSE) | C4: =+VLOOKUP($A4,MAGAZZINO!$B$2:$M$4838,3,FALSE) | D4: =+VLOOKUP($A4,MAGAZZINO!$B$2:$M$4838,4,FALSE) | E4: =+VLOOKUP($A4,MAGAZZINO!$B$2:$M$4838,5,FALSE) | F4: =+VLOOKUP($A4,MAGAZZINO!$B$2:$M$4838,6,FALSE) | G4: =+VLOOKUP($A4,MAGAZZINO!$B$2:$M$4838,7,FALSE) | H4: =+VLOOKUP($A4,MAGAZZINO!$B$2:$M$4838,8,FALSE) | I4: =+VLOOKUP($A4,MAGAZZINO!$B$2:$M$4838,9,FALSE) | J4: =+VLOOKUP($A4,MAGAZZINO!$B$2:$M$4838,10,FALSE) | K4: =+VLOOKUP($A4,MAGAZZINO!$B$2:$M$4838,11,FALSE) | L4: =+VLOOKUP($A4,MAGAZZINO!$B$2:$M$4838,12,FALSE)
A5: =+REGISTRO!A5 | B5: =+VLOOKUP($A5,MAGAZZINO!$B$2:$M$4838,2,FALSE) | C5: =+VLOOKUP($A5,MAGAZZINO!$B$2:$M$4838,3,FALSE) | D5: =+VLOOKUP($A5,MAGAZZINO!$B$2:$M$4838,4,FALSE) | E5: =+VLOOKUP($A5,MAGAZZINO!$B$2:$M$4838,5,FALSE) | F5: =+VLOOKUP($A5,MAGAZZINO!$B$2:$M$4838,6,FALSE) | G5: =+VLOOKUP($A5,MAGAZZINO!$B$2:$M$4838,7,FALSE) | H5: =+VLOOKUP($A5,MAGAZZINO!$B$2:$M$4838,8,FALSE) | I5: =+VLOOKUP($A5,MAGAZZINO!$B$2:$M$4838,9,FALSE) | J5: =+VLOOKUP($A5,MAGAZZINO!$B$2:$M$4838,10,FALSE) | K5: =+VLOOKUP($A5,MAGAZZINO!$B$2:$M$4838,11,FALSE) | L5: =+VLOOKUP($A5,MAGAZZINO!$B$2:$M$4838,12,FALSE)
A6: =+REGISTRO!A6 | B6: =+VLOOKUP($A6,MAGAZZINO!$B$2:$M$4838,2,FALSE) | C6: =+VLOOKUP($A6,MAGAZZINO!$B$2:$M$4838,3,FALSE) | D6: =+VLOOKUP($A6,MAGAZZINO!$B$2:$M$4838,4,FALSE) | E6: =+VLOOKUP($A6,MAGAZZINO!$B$2:$M$4838,5,FALSE) | F6: =+VLOOKUP($A6,MAGAZZINO!$B$2:$M$4838,6,FALSE) | G6: =+VLOOKUP($A6,MAGAZZINO!$B$2:$M$4838,7,FALSE) | H6: =+VLOOKUP($A6,MAGAZZINO!$B$2:$M$4838,8,FALSE) | I6: =+VLOOKUP($A6,MAGAZZINO!$B$2:$M$4838,9,FALSE) | J6: =+VLOOKUP($A6,MAGAZZINO!$B$2:$M$4838,10,FALSE) | K6: =+VLOOKUP($A6,MAGAZZINO!$B$2:$M$4838,11,FALSE) | L6: =+VLOOKUP($A6,MAGAZZINO!$B$2:$M$4838,12,FALSE)
A7: =+REGISTRO!A7 | B7: =+VLOOKUP($A7,MAGAZZINO!$B$2:$M$4838,2,FALSE) | C7: =+VLOOKUP($A7,MAGAZZINO!$B$2:$M$4838,3,FALSE) | D7: =+VLOOKUP($A7,MAGAZZINO!$B$2:$M$4838,4,FALSE) | E7: =+VLOOKUP($A7,MAGAZZINO!$B$2:$M$4838,5,FALSE) | F7: =+VLOOKUP($A7,MAGAZZINO!$B$2:$M$4838,6,FALSE) | G7: =+VLOOKUP($A7,MAGAZZINO!$B$2:$M$4838,7,FALSE) | H7: =+VLOOKUP($A7,MAGAZZINO!$B$2:$M$4838,8,FALSE) | I7: =+VLOOKUP($A7,MAGAZZINO!$B$2:$M$4838,9,FALSE) | J7: =+VLOOKUP($A7,MAGAZZINO!$B$2:$M$4838,10,FALSE) | K7: =+VLOOKUP($A7,MAGAZZINO!$B$2:$M$4838,11,FALSE) | L7: =+VLOOKUP($A7,MAGAZZINO!$B$2:$M$4838,12,FALSE)
A8: =+REGISTRO!A8 | B8: =+VLOOKUP($A8,MAGAZZINO!$B$2:$M$4838,2,FALSE) | C8: =+VLOOKUP($A8,MAGAZZINO!$B$2:$M$4838,3,FALSE) | D8: =+VLOOKUP($A8,MAGAZZINO!$B$2:$M$4838,4,FALSE) | E8: =+VLOOKUP($A8,MAGAZZINO!$B$2:$M$4838,5,FALSE) | F8: =+VLOOKUP($A8,MAGAZZINO!$B$2:$M$4838,6,FALSE) | G8: =+VLOOKUP($A8,MAGAZZINO!$B$2:$M$4838,7,FALSE) | H8: =+VLOOKUP($A8,MAGAZZINO!$B$2:$M$4838,8,FALSE) | I8: =+VLOOKUP($A8,MAGAZZINO!$B$2:$M$4838,9,FALSE) | J8: =+VLOOKUP($A8,MAGAZZINO!$B$2:$M$4838,10,FALSE) | K8: =+VLOOKUP($A8,MAGAZZINO!$B$2:$M$4838,11,FALSE) | L8: =+VLOOKUP($A8,MAGAZZINO!$B$2:$M$4838,12,FALSE)
A9: =+REGISTRO!A9 | B9: =+VLOOKUP($A9,MAGAZZINO!$B$2:$M$4838,2,FALSE) | C9: =+VLOOKUP($A9,MAGAZZINO!$B$2:$M$4838,3,FALSE) | D9: =+VLOOKUP($A9,MAGAZZINO!$B$2:$M$4838,4,FALSE) | E9: =+VLOOKUP($A9,MAGAZZINO!$B$2:$M$4838,5,FALSE) | F9: =+VLOOKUP($A9,MAGAZZINO!$B$2:$M$4838,6,FALSE) | G9: =+VLOOKUP($A9,MAGAZZINO!$B$2:$M$4838,7,FALSE) | H9: =+VLOOKUP($A9,MAGAZZINO!$B$2:$M$4838,8,FALSE) | I9: =+VLOOKUP($A9,MAGAZZINO!$B$2:$M$4838,9,FALSE) | J9: =+VLOOKUP($A9,MAGAZZINO!$B$2:$M$4838,10,FALSE) | K9: =+VLOOKUP($A9,MAGAZZINO!$B$2:$M$4838,11,FALSE) | L9: =+VLOOKUP($A9,MAGAZZINO!$B$2:$M$4838,12,FALSE)
A10: =+REGISTRO!A10 | B10: =+VLOOKUP($A10,MAGAZZINO!$B$2:$M$4838,2,FALSE) | C10: =+VLOOKUP($A10,MAGAZZINO!$B$2:$M$4838,3,FALSE) | D10: =+VLOOKUP($A10,MAGAZZINO!$B$2:$M$4838,4,FALSE) | E10: =+VLOOKUP($A10,MAGAZZINO!$B$2:$M$4838,5,FALSE) | F10: =+VLOOKUP($A10,MAGAZZINO!$B$2:$M$4838,6,FALSE) | G10: =+VLOOKUP($A10,MAGAZZINO!$B$2:$M$4838,7,FALSE) | H10: =+VLOOKUP($A10,MAGAZZINO!$B$2:$M$4838,8,FALSE) | I10: =+VLOOKUP($A10,MAGAZZINO!$B$2:$M$4838,9,FALSE) | J10: =+VLOOKUP($A10,MAGAZZINO!$B$2:$M$4838,10,FALSE) | K10: =+VLOOKUP($A10,MAGAZZINO!$B$2:$M$4838,11,FALSE) | L10: =+VLOOKUP($A10,MAGAZZINO!$B$2:$M$4838,12,FALSE)
A11: =+REGISTRO!A11 | B11: =+VLOOKUP($A11,MAGAZZINO!$B$2:$M$4838,2,FALSE) | C11: =+VLOOKUP($A11,MAGAZZINO!$B$2:$M$4838,3,FALSE) | D11: =+VLOOKUP($A11,MAGAZZINO!$B$2:$M$4838,4,FALSE) | E11: =+VLOOKUP($A11,MAGAZZINO!$B$2:$M$4838,5,FALSE) | F11: =+VLOOKUP($A11,MAGAZZINO!$B$2:$M$4838,6,FALSE) | G11: =+VLOOKUP($A11,MAGAZZINO!$B$2:$M$4838,7,FALSE) | H11: =+VLOOKUP($A11,MAGAZZINO!$B$2:$M$4838,8,FALSE) | I11: =+VLOOKUP($A11,MAGAZZINO!$B$2:$M$4838,9,FALSE) | J11: =+VLOOKUP($A11,MAGAZZINO!$B$2:$M$4838,10,FALSE) | K11: =+VLOOKUP($A11,MAGAZZINO!$B$2:$M$4838,11,FALSE) | L11: =+VLOOKUP($A11,MAGAZZINO!$B$2:$M$4838,12,FALSE)
A12: =+REGISTRO!A12 | B12: =+VLOOKUP($A12,MAGAZZINO!$B$2:$M$4838,2,FALSE) | C12: =+VLOOKUP($A12,MAGAZZINO!$B$2:$M$4838,3,FALSE) | D12: =+VLOOKUP($A12,MAGAZZINO!$B$2:$M$4838,4,FALSE) | E12: =+VLOOKUP($A12,MAGAZZINO!$B$2:$M$4838,5,FALSE) | F12: =+VLOOKUP($A12,MAGAZZINO!$B$2:$M$4838,6,FALSE) | G12: =+VLOOKUP($A12,MAGAZZINO!$B$2:$M$4838,7,FALSE) | H12: =+VLOOKUP($A12,MAGAZZINO!$B$2:$M$4838,8,FALSE) | I12: =+VLOOKUP($A12,MAGAZZINO!$B$2:$M$4838,9,FALSE) | J12: =+VLOOKUP($A12,MAGAZZINO!$B$2:$M$4838,10,FALSE) | K12: =+VLOOKUP($A12,MAGAZZINO!$B$2:$M$4838,11,FALSE) | L12: =+VLOOKUP($A12,MAGAZZINO!$B$2:$M$4838,12,FALSE)
A13: =+REGISTRO!A13 | B13: =+VLOOKUP($A13,MAGAZZINO!$B$2:$M$4838,2,FALSE) | C13: =+VLOOKUP($A13,MAGAZZINO!$B$2:$M$4838,3,FALSE) | D13: =+VLOOKUP($A13,MAGAZZINO!$B$2:$M$4838,4,FALSE) | E13: =+VLOOKUP($A13,MAGAZZINO!$B$2:$M$4838,5,FALSE) | F13: =+VLOOKUP($A13,MAGAZZINO!$B$2:$M$4838,6,FALSE) | G13: =+VLOOKUP($A13,MAGAZZINO!$B$2:$M$4838,7,FALSE) | H13: =+VLOOKUP($A13,MAGAZZINO!$B$2:$M$4838,8,FALSE) | I13: =+VLOOKUP($A13,MAGAZZINO!$B$2:$M$4838,9,FALSE) | J13: =+VLOOKUP($A13,MAGAZZINO!$B$2:$M$4838,10,FALSE) | K13: =+VLOOKUP($A13,MAGAZZINO!$B$2:$M$4838,11,FALSE) | L13: =+VLOOKUP($A13,MAGAZZINO!$B$2:$M$4838,12,FALSE)
A14: =+REGISTRO!A14 | B14: =+VLOOKUP($A14,MAGAZZINO!$B$2:$M$4838,2,FALSE) | C14: =+VLOOKUP($A14,MAGAZZINO!$B$2:$M$4838,3,FALSE) | D14: =+VLOOKUP($A14,MAGAZZINO!$B$2:$M$4838,4,FALSE) | E14: =+VLOOKUP($A14,MAGAZZINO!$B$2:$M$4838,5,FALSE) | F14: =+VLOOKUP($A14,MAGAZZINO!$B$2:$M$4838,6,FALSE) | G14: =+VLOOKUP($A14,MAGAZZINO!$B$2:$M$4838,7,FALSE) | H14: =+VLOOKUP($A14,MAGAZZINO!$B$2:$M$4838,8,FALSE) | I14: =+VLOOKUP($A14,MAGAZZINO!$B$2:$M$4838,9,FALSE) | J14: =+VLOOKUP($A14,MAGAZZINO!$B$2:$M$4838,10,FALSE) | K14: =+VLOOKUP($A14,MAGAZZINO!$B$2:$M$4838,11,FALSE) | L14: =+VLOOKUP($A14,MAGAZZINO!$B$2:$M$4838,12,FALSE)
A15: =+REGISTRO!A15 | B15: =+VLOOKUP($A15,MAGAZZINO!$B$2:$M$4838,2,FALSE) | C15: =+VLOOKUP($A15,MAGAZZINO!$B$2:$M$4838,3,FALSE) | D15: =+VLOOKUP($A15,MAGAZZINO!$B$2:$M$4838,4,FALSE) | E15: =+VLOOKUP($A15,MAGAZZINO!$B$2:$M$4838,5,FALSE) | F15: =+VLOOKUP($A15,MAGAZZINO!$B$2:$M$4838,6,FALSE) | G15: =+VLOOKUP($A15,MAGAZZINO!$B$2:$M$4838,7,FALSE) | H15: =+VLOOKUP($A15,MAGAZZINO!$B$2:$M$4838,8,FALSE) | I15: =+VLOOKUP($A15,MAGAZZINO!$B$2:$M$4838,9,FALSE) | J15: =+VLOOKUP($A15,MAGAZZINO!$B$2:$M$4838,10,FALSE) | K15: =+VLOOKUP($A15,MAGAZZINO!$B$2:$M$4838,11,FALSE) | L15: =+VLOOKUP($A15,MAGAZZINO!$B$2:$M$4838,12,FALSE)
... A185: =+REGISTRO!A185 | B185: =+VLOOKUP($A185,MAGAZZINO!$B$2:$M$4838,2,FALSE) | C185: =+VLOOKUP($A185,MAGAZZINO!$B$2:$M$4838,3,FALSE) | D185: =+VLOOKUP($A185,MAGAZZINO!$B$2:$M$4838,4,FALSE) | E185: =+VLOOKUP($A185,MAGAZZINO!$B$2:$M$4838,5,FALSE) | F185: =+VLOOKUP($A185,MAGAZZINO!$B$2:$M$4838,6,FALSE) | G185: =+VLOOKUP($A185,MAGAZZINO!$B$2:$M$4838,7,FALSE) | H185: =+VLOOKUP($A185,MAGAZZINO!$B$2:$M$4838,8,FALSE) | I185: =+VLOOKUP($A185,MAGAZZINO!$B$2:$M$4838,9,FALSE) | J185: =+VLOOKUP($A185,MAGAZZINO!$B$2:$M$4838,10,FALSE) | K185: =+VLOOKUP($A185,MAGAZZINO!$B$2:$M$4838,11,FALSE) | L185: =+VLOOKUP($A185,MAGAZZINO!$B$2:$M$4838,12,FALSE)
A186: =+REGISTRO!#REF! | B186: =+VLOOKUP($A186,MAGAZZINO!$B$2:$M$4838,2,FALSE) | C186: =+VLOOKUP($A186,MAGAZZINO!$B$2:$M$4838,3,FALSE) | D186: =+VLOOKUP($A186,MAGAZZINO!$B$2:$M$4838,4,FALSE) | E186: =+VLOOKUP($A186,MAGAZZINO!$B$2:$M$4838,5,FALSE) | F186: =+VLOOKUP($A186,MAGAZZINO!$B$2:$M$4838,6,FALSE) | G186: =+VLOOKUP($A186,MAGAZZINO!$B$2:$M$4838,7,FALSE) | H186: =+VLOOKUP($A186,MAGAZZINO!$B$2:$M$4838,8,FALSE) | I186: =+VLOOKUP($A186,MAGAZZINO!$B$2:$M$4838,9,FALSE) | J186: =+VLOOKUP($A186,MAGAZZINO!$B$2:$M$4838,10,FALSE) | K186: =+VLOOKUP($A186,MAGAZZINO!$B$2:$M$4838,11,FALSE) | L186: =+VLOOKUP($A186,MAGAZZINO!$B$2:$M$4838,12,FALSE)
A187: =+REGISTRO!#REF! | B187: =+VLOOKUP($A187,MAGAZZINO!$B$2:$M$4838,2,FALSE) | C187: =+VLOOKUP($A187,MAGAZZINO!$B$2:$M$4838,3,FALSE) | D187: =+VLOOKUP($A187,MAGAZZINO!$B$2:$M$4838,4,FALSE) | E187: =+VLOOKUP($A187,MAGAZZINO!$B$2:$M$4838,5,FALSE) | F187: =+VLOOKUP($A187,MAGAZZINO!$B$2:$M$4838,6,FALSE) | G187: =+VLOOKUP($A187,MAGAZZINO!$B$2:$M$4838,7,FALSE) | H187: =+VLOOKUP($A187,MAGAZZINO!$B$2:$M$4838,8,FALSE) | I187: =+VLOOKUP($A187,MAGAZZINO!$B$2:$M$4838,9,FALSE) | J187: =+VLOOKUP($A187,MAGAZZINO!$B$2:$M$4838,10,FALSE) | K187: =+VLOOKUP($A187,MAGAZZINO!$B$2:$M$4838,11,FALSE) | L187: =+VLOOKUP($A187,MAGAZZINO!$B$2:$M$4838,12,FALSE)
A188: =+REGISTRO!#REF! | B188: =+VLOOKUP($A188,MAGAZZINO!$B$2:$M$4838,2,FALSE) | C188: =+VLOOKUP($A188,MAGAZZINO!$B$2:$M$4838,3,FALSE) | D188: =+VLOOKUP($A188,MAGAZZINO!$B$2:$M$4838,4,FALSE) | E188: =+VLOOKUP($A188,MAGAZZINO!$B$2:$M$4838,5,FALSE) | F188: =+VLOOKUP($A188,MAGAZZINO!$B$2:$M$4838,6,FALSE) | G188: =+VLOOKUP($A188,MAGAZZINO!$B$2:$M$4838,7,FALSE) | H188: =+VLOOKUP($A188,MAGAZZINO!$B$2:$M$4838,8,FALSE) | I188: =+VLOOKUP($A188,MAGAZZINO!$B$2:$M$4838,9,FALSE) | J188: =+VLOOKUP($A188,MAGAZZINO!$B$2:$M$4838,10,FALSE) | K188: =+VLOOKUP($A188,MAGAZZINO!$B$2:$M$4838,11,FALSE) | L188: =+VLOOKUP($A188,MAGAZZINO!$B$2:$M$4838,12,FALSE)
A189: =+REGISTRO!#REF! | B189: =+VLOOKUP($A189,MAGAZZINO!$B$2:$M$4838,2,FALSE) | C189: =+VLOOKUP($A189,MAGAZZINO!$B$2:$M$4838,3,FALSE) | D189: =+VLOOKUP($A189,MAGAZZINO!$B$2:$M$4838,4,FALSE) | E189: =+VLOOKUP($A189,MAGAZZINO!$B$2:$M$4838,5,FALSE) | F189: =+VLOOKUP($A189,MAGAZZINO!$B$2:$M$4838,6,FALSE) | G189: =+VLOOKUP($A189,MAGAZZINO!$B$2:$M$4838,7,FALSE) | H189: =+VLOOKUP($A189,MAGAZZINO!$B$2:$M$4838,8,FALSE) | I189: =+VLOOKUP($A189,MAGAZZINO!$B$2:$M$4838,9,FALSE) | J189: =+VLOOKUP($A189,MAGAZZINO!$B$2:$M$4838,10,FALSE) | K189: =+VLOOKUP($A189,MAGAZZINO!$B$2:$M$4838,11,FALSE) | L189: =+VLOOKUP($A189,MAGAZZINO!$B$2:$M$4838,12,FALSE)
A190: =+REGISTRO!#REF! | B190: =+VLOOKUP($A190,MAGAZZINO!$B$2:$M$4838,2,FALSE) | C190: =+VLOOKUP($A190,MAGAZZINO!$B$2:$M$4838,3,FALSE) | D190: =+VLOOKUP($A190,MAGAZZINO!$B$2:$M$4838,4,FALSE) | E190: =+VLOOKUP($A190,MAGAZZINO!$B$2:$M$4838,5,FALSE) | F190: =+VLOOKUP($A190,MAGAZZINO!$B$2:$M$4838,6,FALSE) | G190: =+VLOOKUP($A190,MAGAZZINO!$B$2:$M$4838,7,FALSE) | H190: =+VLOOKUP($A190,MAGAZZINO!$B$2:$M$4838,8,FALSE) | I190: =+VLOOKUP($A190,MAGAZZINO!$B$2:$M$4838,9,FALSE) | J190: =+VLOOKUP($A190,MAGAZZINO!$B$2:$M$4838,10,FALSE) | K190: =+VLOOKUP($A190,MAGAZZINO!$B$2:$M$4838,11,FALSE) | L190: =+VLOOKUP($A190,MAGAZZINO!$B$2:$M$4838,12,FALSE)
A191: =+REGISTRO!#REF! | B191: =+VLOOKUP($A191,MAGAZZINO!$B$2:$M$4838,2,FALSE) | C191: =+VLOOKUP($A191,MAGAZZINO!$B$2:$M$4838,3,FALSE) | D191: =+VLOOKUP($A191,MAGAZZINO!$B$2:$M$4838,4,FALSE) | E191: =+VLOOKUP($A191,MAGAZZINO!$B$2:$M$4838,5,FALSE) | F191: =+VLOOKUP($A191,MAGAZZINO!$B$2:$M$4838,6,FALSE) | G191: =+VLOOKUP($A191,MAGAZZINO!$B$2:$M$4838,7,FALSE) | H191: =+VLOOKUP($A191,MAGAZZINO!$B$2:$M$4838,8,FALSE) | I191: =+VLOOKUP($A191,MAGAZZINO!$B$2:$M$4838,9,FALSE) | J191: =+VLOOKUP($A191,MAGAZZINO!$B$2:$M$4838,10,FALSE) | K191: =+VLOOKUP($A191,MAGAZZINO!$B$2:$M$4838,11,FALSE) | L191: =+VLOOKUP($A191,MAGAZZINO!$B$2:$M$4838,12,FALSE)
A192: =+REGISTRO!#REF! | B192: =+VLOOKUP($A192,MAGAZZINO!$B$2:$M$4838,2,FALSE) | C192: =+VLOOKUP($A192,MAGAZZINO!$B$2:$M$4838,3,FALSE) | D192: =+VLOOKUP($A192,MAGAZZINO!$B$2:$M$4838,4,FALSE) | E192: =+VLOOKUP($A192,MAGAZZINO!$B$2:$M$4838,5,FALSE) | F192: =+VLOOKUP($A192,MAGAZZINO!$B$2:$M$4838,6,FALSE) | G192: =+VLOOKUP($A192,MAGAZZINO!$B$2:$M$4838,7,FALSE) | H192: =+VLOOKUP($A192,MAGAZZINO!$B$2:$M$4838,8,FALSE) | I192: =+VLOOKUP($A192,MAGAZZINO!$B$2:$M$4838,9,FALSE) | J192: =+VLOOKUP($A192,MAGAZZINO!$B$2:$M$4838,10,FALSE) | K192: =+VLOOKUP($A192,MAGAZZINO!$B$2:$M$4838,11,FALSE) | L192: =+VLOOKUP($A192,MAGAZZINO!$B$2:$M$4838,12,FALSE)
A193: =+REGISTRO!#REF! | B193: =+VLOOKUP($A193,MAGAZZINO!$B$2:$M$4838,2,FALSE) | C193: =+VLOOKUP($A193,MAGAZZINO!$B$2:$M$4838,3,FALSE) | D193: =+VLOOKUP($A193,MAGAZZINO!$B$2:$M$4838,4,FALSE) | E193: =+VLOOKUP($A193,MAGAZZINO!$B$2:$M$4838,5,FALSE) | F193: =+VLOOKUP($A193,MAGAZZINO!$B$2:$M$4838,6,FALSE) | G193: =+VLOOKUP($A193,MAGAZZINO!$B$2:$M$4838,7,FALSE) | H193: =+VLOOKUP($A193,MAGAZZINO!$B$2:$M$4838,8,FALSE) | I193: =+VLOOKUP($A193,MAGAZZINO!$B$2:$M$4838,9,FALSE) | J193: =+VLOOKUP($A193,MAGAZZINO!$B$2:$M$4838,10,FALSE) | K193: =+VLOOKUP($A193,MAGAZZINO!$B$2:$M$4838,11,FALSE) | L193: =+VLOOKUP($A193,MAGAZZINO!$B$2:$M$4838,12,FALSE)
A194: =+REGISTRO!#REF! | B194: =+VLOOKUP($A194,MAGAZZINO!$B$2:$M$4838,2,FALSE) | C194: =+VLOOKUP($A194,MAGAZZINO!$B$2:$M$4838,3,FALSE) | D194: =+VLOOKUP($A194,MAGAZZINO!$B$2:$M$4838,4,FALSE) | E194: =+VLOOKUP($A194,MAGAZZINO!$B$2:$M$4838,5,FALSE) | F194: =+VLOOKUP($A194,MAGAZZINO!$B$2:$M$4838,6,FALSE) | G194: =+VLOOKUP($A194,MAGAZZINO!$B$2:$M$4838,7,FALSE) | H194: =+VLOOKUP($A194,MAGAZZINO!$B$2:$M$4838,8,FALSE) | I194: =+VLOOKUP($A194,MAGAZZINO!$B$2:$M$4838,9,FALSE) | J194: =+VLOOKUP($A194,MAGAZZINO!$B$2:$M$4838,10,FALSE) | K194: =+VLOOKUP($A194,MAGAZZINO!$B$2:$M$4838,11,FALSE) | L194: =+VLOOKUP($A194,MAGAZZINO!$B$2:$M$4838,12,FALSE)
A195: =+REGISTRO!#REF! | B195: =+VLOOKUP($A195,MAGAZZINO!$B$2:$M$4838,2,FALSE) | C195: =+VLOOKUP($A195,MAGAZZINO!$B$2:$M$4838,3,FALSE) | D195: =+VLOOKUP($A195,MAGAZZINO!$B$2:$M$4838,4,FALSE) | E195: =+VLOOKUP($A195,MAGAZZINO!$B$2:$M$4838,5,FALSE) | F195: =+VLOOKUP($A195,MAGAZZINO!$B$2:$M$4838,6,FALSE) | G195: =+VLOOKUP($A195,MAGAZZINO!$B$2:$M$4838,7,FALSE) | H195: =+VLOOKUP($A195,MAGAZZINO!$B$2:$M$4838,8,FALSE) | I195: =+VLOOKUP($A195,MAGAZZINO!$B$2:$M$4838,9,FALSE) | J195: =+VLOOKUP($A195,MAGAZZINO!$B$2:$M$4838,10,FALSE) | K195: =+VLOOKUP($A195,MAGAZZINO!$B$2:$M$4838,11,FALSE) | L195: =+VLOOKUP($A195,MAGAZZINO!$B$2:$M$4838,12,FALSE)
A196: =+REGISTRO!#REF! | B196: =+VLOOKUP($A196,MAGAZZINO!$B$2:$M$4838,2,FALSE) | C196: =+VLOOKUP($A196,MAGAZZINO!$B$2:$M$4838,3,FALSE) | D196: =+VLOOKUP($A196,MAGAZZINO!$B$2:$M$4838,4,FALSE) | E196: =+VLOOKUP($A196,MAGAZZINO!$B$2:$M$4838,5,FALSE) | F196: =+VLOOKUP($A196,MAGAZZINO!$B$2:$M$4838,6,FALSE) | G196: =+VLOOKUP($A196,MAGAZZINO!$B$2:$M$4838,7,FALSE) | H196: =+VLOOKUP($A196,MAGAZZINO!$B$2:$M$4838,8,FALSE) | I196: =+VLOOKUP($A196,MAGAZZINO!$B$2:$M$4838,9,FALSE) | J196: =+VLOOKUP($A196,MAGAZZINO!$B$2:$M$4838,10,FALSE) | K196: =+VLOOKUP($A196,MAGAZZINO!$B$2:$M$4838,11,FALSE) | L196: =+VLOOKUP($A196,MAGAZZINO!$B$2:$M$4838,12,FALSE)
A197: =+REGISTRO!#REF! | B197: =+VLOOKUP($A197,MAGAZZINO!$B$2:$M$4838,2,FALSE) | C197: =+VLOOKUP($A197,MAGAZZINO!$B$2:$M$4838,3,FALSE) | D197: =+VLOOKUP($A197,MAGAZZINO!$B$2:$M$4838,4,FALSE) | E197: =+VLOOKUP($A197,MAGAZZINO!$B$2:$M$4838,5,FALSE) | F197: =+VLOOKUP($A197,MAGAZZINO!$B$2:$M$4838,6,FALSE) | G197: =+VLOOKUP($A197,MAGAZZINO!$B$2:$M$4838,7,FALSE) | H197: =+VLOOKUP($A197,MAGAZZINO!$B$2:$M$4838,8,FALSE) | I197: =+VLOOKUP($A197,MAGAZZINO!$B$2:$M$4838,9,FALSE) | J197: =+VLOOKUP($A197,MAGAZZINO!$B$2:$M$4838,10,FALSE) | K197: =+VLOOKUP($A197,MAGAZZINO!$B$2:$M$4838,11,FALSE) | L197: =+VLOOKUP($A197,MAGAZZINO!$B$2:$M$4838,12,FALSE)
... A202: =+REGISTRO!#REF! | B202: =+VLOOKUP($A202,MAGAZZINO!$B$2:$M$4838,2,FALSE) | C202: =+VLOOKUP($A202,MAGAZZINO!$B$2:$M$4838,3,FALSE) | D202: =+VLOOKUP($A202,MAGAZZINO!$B$2:$M$4838,4,FALSE) | E202: =+VLOOKUP($A202,MAGAZZINO!$B$2:$M$4838,5,FALSE) | F202: =+VLOOKUP($A202,MAGAZZINO!$B$2:$M$4838,6,FALSE) | G202: =+VLOOKUP($A202,MAGAZZINO!$B$2:$M$4838,7,FALSE) | H202: =+VLOOKUP($A202,MAGAZZINO!$B$2:$M$4838,8,FALSE) | I202: =+VLOOKUP($A202,MAGAZZINO!$B$2:$M$4838,9,FALSE) | J202: =+VLOOKUP($A202,MAGAZZINO!$B$2:$M$4838,10,FALSE) | K202: =+VLOOKUP($A202,MAGAZZINO!$B$2:$M$4838,11,FALSE) | L202: =+VLOOKUP($A202,MAGAZZINO!$B$2:$M$4838,12,FALSE)
A203: =+REGISTRO!A186 | B203: =+VLOOKUP($A203,MAGAZZINO!$B$2:$M$4838,2,FALSE) | C203: =+VLOOKUP($A203,MAGAZZINO!$B$2:$M$4838,3,FALSE) | D203: =+VLOOKUP($A203,MAGAZZINO!$B$2:$M$4838,4,FALSE) | E203: =+VLOOKUP($A203,MAGAZZINO!$B$2:$M$4838,5,FALSE) | F203: =+VLOOKUP($A203,MAGAZZINO!$B$2:$M$4838,6,FALSE) | G203: =+VLOOKUP($A203,MAGAZZINO!$B$2:$M$4838,7,FALSE) | H203: =+VLOOKUP($A203,MAGAZZINO!$B$2:$M$4838,8,FALSE) | I203: =+VLOOKUP($A203,MAGAZZINO!$B$2:$M$4838,9,FALSE) | J203: =+VLOOKUP($A203,MAGAZZINO!$B$2:$M$4838,10,FALSE) | K203: =+VLOOKUP($A203,MAGAZZINO!$B$2:$M$4838,11,FALSE) | L203: =+VLOOKUP($A203,MAGAZZINO!$B$2:$M$4838,12,FALSE)
A204: =+REGISTRO!A187 | B204: =+VLOOKUP($A204,MAGAZZINO!$B$2:$M$4838,2,FALSE) | C204: =+VLOOKUP($A204,MAGAZZINO!$B$2:$M$4838,3,FALSE) | D204: =+VLOOKUP($A204,MAGAZZINO!$B$2:$M$4838,4,FALSE) | E204: =+VLOOKUP($A204,MAGAZZINO!$B$2:$M$4838,5,FALSE) | F204: =+VLOOKUP($A204,MAGAZZINO!$B$2:$M$4838,6,FALSE) | G204: =+VLOOKUP($A204,MAGAZZINO!$B$2:$M$4838,7,FALSE) | H204: =+VLOOKUP($A204,MAGAZZINO!$B$2:$M$4838,8,FALSE) | I204: =+VLOOKUP($A204,MAGAZZINO!$B$2:$M$4838,9,FALSE) | J204: =+VLOOKUP($A204,MAGAZZINO!$B$2:$M$4838,10,FALSE) | K204: =+VLOOKUP($A204,MAGAZZINO!$B$2:$M$4838,11,FALSE) | L204: =+VLOOKUP($A204,MAGAZZINO!$B$2:$M$4838,12,FALSE)
A205: =+REGISTRO!A188 | B205: =+VLOOKUP($A205,MAGAZZINO!$B$2:$M$4838,2,FALSE) | C205: =+VLOOKUP($A205,MAGAZZINO!$B$2:$M$4838,3,FALSE) | D205: =+VLOOKUP($A205,MAGAZZINO!$B$2:$M$4838,4,FALSE) | E205: =+VLOOKUP($A205,MAGAZZINO!$B$2:$M$4838,5,FALSE) | F205: =+VLOOKUP($A205,MAGAZZINO!$B$2:$M$4838,6,FALSE) | G205: =+VLOOKUP($A205,MAGAZZINO!$B$2:$M$4838,7,FALSE) | H205: =+VLOOKUP($A205,MAGAZZINO!$B$2:$M$4838,8,FALSE) | I205: =+VLOOKUP($A205,MAGAZZINO!$B$2:$M$4838,9,FALSE) | J205: =+VLOOKUP($A205,MAGAZZINO!$B$2:$M$4838,10,FALSE) | K205: =+VLOOKUP($A205,MAGAZZINO!$B$2:$M$4838,11,FALSE) | L205: =+VLOOKUP($A205,MAGAZZINO!$B$2:$M$4838,12,FALSE)
A206: =+REGISTRO!A189 | B206: =+VLOOKUP($A206,MAGAZZINO!$B$2:$M$4838,2,FALSE) | C206: =+VLOOKUP($A206,MAGAZZINO!$B$2:$M$4838,3,FALSE) | D206: =+VLOOKUP($A206,MAGAZZINO!$B$2:$M$4838,4,FALSE) | E206: =+VLOOKUP($A206,MAGAZZINO!$B$2:$M$4838,5,FALSE) | F206: =+VLOOKUP($A206,MAGAZZINO!$B$2:$M$4838,6,FALSE) | G206: =+VLOOKUP($A206,MAGAZZINO!$B$2:$M$4838,7,FALSE) | H206: =+VLOOKUP($A206,MAGAZZINO!$B$2:$M$4838,8,FALSE) | I206: =+VLOOKUP($A206,MAGAZZINO!$B$2:$M$4838,9,FALSE) | J206: =+VLOOKUP($A206,MAGAZZINO!$B$2:$M$4838,10,FALSE) | K206: =+VLOOKUP($A206,MAGAZZINO!$B$2:$M$4838,11,FALSE) | L206: =+VLOOKUP($A206,MAGAZZINO!$B$2:$M$4838,12,FALSE)
A207: =+REGISTRO!A190 | B207: =+VLOOKUP($A207,MAGAZZINO!$B$2:$M$4838,2,FALSE) | C207: =+VLOOKUP($A207,MAGAZZINO!$B$2:$M$4838,3,FALSE) | D207: =+VLOOKUP($A207,MAGAZZINO!$B$2:$M$4838,4,FALSE) | E207: =+VLOOKUP($A207,MAGAZZINO!$B$2:$M$4838,5,FALSE) | F207: =+VLOOKUP($A207,MAGAZZINO!$B$2:$M$4838,6,FALSE) | G207: =+VLOOKUP($A207,MAGAZZINO!$B$2:$M$4838,7,FALSE) | H207: =+VLOOKUP($A207,MAGAZZINO!$B$2:$M$4838,8,FALSE) | I207: =+VLOOKUP($A207,MAGAZZINO!$B$2:$M$4838,9,FALSE) | J207: =+VLOOKUP($A207,MAGAZZINO!$B$2:$M$4838,10,FALSE) | K207: =+VLOOKUP($A207,MAGAZZINO!$B$2:$M$4838,11,FALSE) | L207: =+VLOOKUP($A207,MAGAZZINO!$B$2:$M$4838,12,FALSE)
A208: =+REGISTRO!A191 | B208: =+VLOOKUP($A208,MAGAZZINO!$B$2:$M$4838,2,FALSE) | C208: =+VLOOKUP($A208,MAGAZZINO!$B$2:$M$4838,3,FALSE) | D208: =+VLOOKUP($A208,MAGAZZINO!$B$2:$M$4838,4,FALSE) | E208: =+VLOOKUP($A208,MAGAZZINO!$B$2:$M$4838,5,FALSE) | F208: =+VLOOKUP($A208,MAGAZZINO!$B$2:$M$4838,6,FALSE) | G208: =+VLOOKUP($A208,MAGAZZINO!$B$2:$M$4838,7,FALSE) | H208: =+VLOOKUP($A208,MAGAZZINO!$B$2:$M$4838,8,FALSE) | I208: =+VLOOKUP($A208,MAGAZZINO!$B$2:$M$4838,9,FALSE) | J208: =+VLOOKUP($A208,MAGAZZINO!$B$2:$M$4838,10,FALSE) | K208: =+VLOOKUP($A208,MAGAZZINO!$B$2:$M$4838,11,FALSE) | L208: =+VLOOKUP($A208,MAGAZZINO!$B$2:$M$4838,12,FALSE)
A209: =+REGISTRO!A192 | B209: =+VLOOKUP($A209,MAGAZZINO!$B$2:$M$4838,2,FALSE) | C209: =+VLOOKUP($A209,MAGAZZINO!$B$2:$M$4838,3,FALSE) | D209: =+VLOOKUP($A209,MAGAZZINO!$B$2:$M$4838,4,FALSE) | E209: =+VLOOKUP($A209,MAGAZZINO!$B$2:$M$4838,5,FALSE) | F209: =+VLOOKUP($A209,MAGAZZINO!$B$2:$M$4838,6,FALSE) | G209: =+VLOOKUP($A209,MAGAZZINO!$B$2:$M$4838,7,FALSE) | H209: =+VLOOKUP($A209,MAGAZZINO!$B$2:$M$4838,8,FALSE) | I209: =+VLOOKUP($A209,MAGAZZINO!$B$2:$M$4838,9,FALSE) | J209: =+VLOOKUP($A209,MAGAZZINO!$B$2:$M$4838,10,FALSE) | K209: =+VLOOKUP($A209,MAGAZZINO!$B$2:$M$4838,11,FALSE) | L209: =+VLOOKUP($A209,MAGAZZINO!$B$2:$M$4838,12,FALSE)
A210: =+REGISTRO!A193 | B210: =+VLOOKUP($A210,MAGAZZINO!$B$2:$M$4838,2,FALSE) | C210: =+VLOOKUP($A210,MAGAZZINO!$B$2:$M$4838,3,FALSE) | D210: =+VLOOKUP($A210,MAGAZZINO!$B$2:$M$4838,4,FALSE) | E210: =+VLOOKUP($A210,MAGAZZINO!$B$2:$M$4838,5,FALSE) | F210: =+VLOOKUP($A210,MAGAZZINO!$B$2:$M$4838,6,FALSE) | G210: =+VLOOKUP($A210,MAGAZZINO!$B$2:$M$4838,7,FALSE) | H210: =+VLOOKUP($A210,MAGAZZINO!$B$2:$M$4838,8,FALSE) | I210: =+VLOOKUP($A210,MAGAZZINO!$B$2:$M$4838,9,FALSE) | J210: =+VLOOKUP($A210,MAGAZZINO!$B$2:$M$4838,10,FALSE) | K210: =+VLOOKUP($A210,MAGAZZINO!$B$2:$M$4838,11,FALSE) | L210: =+VLOOKUP($A210,MAGAZZINO!$B$2:$M$4838,12,FALSE)
A211: =+REGISTRO!A194 | B211: =+VLOOKUP($A211,MAGAZZINO!$B$2:$M$4838,2,FALSE) | C211: =+VLOOKUP($A211,MAGAZZINO!$B$2:$M$4838,3,FALSE) | D211: =+VLOOKUP($A211,MAGAZZINO!$B$2:$M$4838,4,FALSE) | E211: =+VLOOKUP($A211,MAGAZZINO!$B$2:$M$4838,5,FALSE) | F211: =+VLOOKUP($A211,MAGAZZINO!$B$2:$M$4838,6,FALSE) | G211: =+VLOOKUP($A211,MAGAZZINO!$B$2:$M$4838,7,FALSE) | H211: =+VLOOKUP($A211,MAGAZZINO!$B$2:$M$4838,8,FALSE) | I211: =+VLOOKUP($A211,MAGAZZINO!$B$2:$M$4838,9,FALSE) | J211: =+VLOOKUP($A211,MAGAZZINO!$B$2:$M$4838,10,FALSE) | K211: =+VLOOKUP($A211,MAGAZZINO!$B$2:$M$4838,11,FALSE) | L211: =+VLOOKUP($A211,MAGAZZINO!$B$2:$M$4838,12,FALSE)
A212: =+REGISTRO!A195 | B212: =+VLOOKUP($A212,MAGAZZINO!$B$2:$M$4838,2,FALSE) | C212: =+VLOOKUP($A212,MAGAZZINO!$B$2:$M$4838,3,FALSE) | D212: =+VLOOKUP($A212,MAGAZZINO!$B$2:$M$4838,4,FALSE) | E212: =+VLOOKUP($A212,MAGAZZINO!$B$2:$M$4838,5,FALSE) | F212: =+VLOOKUP($A212,MAGAZZINO!$B$2:$M$4838,6,FALSE) | G212: =+VLOOKUP($A212,MAGAZZINO!$B$2:$M$4838,7,FALSE) | H212: =+VLOOKUP($A212,MAGAZZINO!$B$2:$M$4838,8,FALSE) | I212: =+VLOOKUP($A212,MAGAZZINO!$B$2:$M$4838,9,FALSE) | J212: =+VLOOKUP($A212,MAGAZZINO!$B$2:$M$4838,10,FALSE) | K212: =+VLOOKUP($A212,MAGAZZINO!$B$2:$M$4838,11,FALSE) | L212: =+VLOOKUP($A212,MAGAZZINO!$B$2:$M$4838,12,FALSE)
A213: =+REGISTRO!A196 | B213: =+VLOOKUP($A213,MAGAZZINO!$B$2:$M$4838,2,FALSE) | C213: =+VLOOKUP($A213,MAGAZZINO!$B$2:$M$4838,3,FALSE) | D213: =+VLOOKUP($A213,MAGAZZINO!$B$2:$M$4838,4,FALSE) | E213: =+VLOOKUP($A213,MAGAZZINO!$B$2:$M$4838,5,FALSE) | F213: =+VLOOKUP($A213,MAGAZZINO!$B$2:$M$4838,6,FALSE) | G213: =+VLOOKUP($A213,MAGAZZINO!$B$2:$M$4838,7,FALSE) | H213: =+VLOOKUP($A213,MAGAZZINO!$B$2:$M$4838,8,FALSE) | I213: =+VLOOKUP($A213,MAGAZZINO!$B$2:$M$4838,9,FALSE) | J213: =+VLOOKUP($A213,MAGAZZINO!$B$2:$M$4838,10,FALSE) | K213: =+VLOOKUP($A213,MAGAZZINO!$B$2:$M$4838,11,FALSE) | L213: =+VLOOKUP($A213,MAGAZZINO!$B$2:$M$4838,12,FALSE)
A214: =+REGISTRO!A197 | B214: =+VLOOKUP($A214,MAGAZZINO!$B$2:$M$4838,2,FALSE) | C214: =+VLOOKUP($A214,MAGAZZINO!$B$2:$M$4838,3,FALSE) | D214: =+VLOOKUP($A214,MAGAZZINO!$B$2:$M$4838,4,FALSE) | E214: =+VLOOKUP($A214,MAGAZZINO!$B$2:$M$4838,5,FALSE) | F214: =+VLOOKUP($A214,MAGAZZINO!$B$2:$M$4838,6,FALSE) | G214: =+VLOOKUP($A214,MAGAZZINO!$B$2:$M$4838,7,FALSE) | H214: =+VLOOKUP($A214,MAGAZZINO!$B$2:$M$4838,8,FALSE) | I214: =+VLOOKUP($A214,MAGAZZINO!$B$2:$M$4838,9,FALSE) | J214: =+VLOOKUP($A214,MAGAZZINO!$B$2:$M$4838,10,FALSE) | K214: =+VLOOKUP($A214,MAGAZZINO!$B$2:$M$4838,11,FALSE) | L214: =+VLOOKUP($A214,MAGAZZINO!$B$2:$M$4838,12,FALSE)
... A395: =+REGISTRO!A378 | B395: =+VLOOKUP($A395,MAGAZZINO!$B$2:$M$4838,2,FALSE) | C395: =+VLOOKUP($A395,MAGAZZINO!$B$2:$M$4838,3,FALSE) | D395: =+VLOOKUP($A395,MAGAZZINO!$B$2:$M$4838,4,FALSE) | E395: =+VLOOKUP($A395,MAGAZZINO!$B$2:$M$4838,5,FALSE) | F395: =+VLOOKUP($A395,MAGAZZINO!$B$2:$M$4838,6,FALSE) | G395: =+VLOOKUP($A395,MAGAZZINO!$B$2:$M$4838,7,FALSE) | H395: =+VLOOKUP($A395,MAGAZZINO!$B$2:$M$4838,8,FALSE) | I395: =+VLOOKUP($A395,MAGAZZINO!$B$2:$M$4838,9,FALSE) | J395: =+VLOOKUP($A395,MAGAZZINO!$B$2:$M$4838,10,FALSE) | K395: =+VLOOKUP($A395,MAGAZZINO!$B$2:$M$4838,11,FALSE) | L395: =+VLOOKUP($A395,MAGAZZINO!$B$2:$M$4838,12,FALSE)
A396: =+REGISTRO!#REF! | B396: =+VLOOKUP($A396,MAGAZZINO!$B$2:$M$4838,2,FALSE) | C396: =+VLOOKUP($A396,MAGAZZINO!$B$2:$M$4838,3,FALSE) | D396: =+VLOOKUP($A396,MAGAZZINO!$B$2:$M$4838,4,FALSE) | E396: =+VLOOKUP($A396,MAGAZZINO!$B$2:$M$4838,5,FALSE) | F396: =+VLOOKUP($A396,MAGAZZINO!$B$2:$M$4838,6,FALSE) | G396: =+VLOOKUP($A396,MAGAZZINO!$B$2:$M$4838,7,FALSE) | H396: =+VLOOKUP($A396,MAGAZZINO!$B$2:$M$4838,8,FALSE) | I396: =+VLOOKUP($A396,MAGAZZINO!$B$2:$M$4838,9,FALSE) | J396: =+VLOOKUP($A396,MAGAZZINO!$B$2:$M$4838,10,FALSE) | K396: =+VLOOKUP($A396,MAGAZZINO!$B$2:$M$4838,11,FALSE) | L396: =+VLOOKUP($A396,MAGAZZINO!$B$2:$M$4838,12,FALSE)
A397: =+REGISTRO!#REF! | B397: =+VLOOKUP($A397,MAGAZZINO!$B$2:$M$4838,2,FALSE) | C397: =+VLOOKUP($A397,MAGAZZINO!$B$2:$M$4838,3,FALSE) | D397: =+VLOOKUP($A397,MAGAZZINO!$B$2:$M$4838,4,FALSE) | E397: =+VLOOKUP($A397,MAGAZZINO!$B$2:$M$4838,5,FALSE) | F397: =+VLOOKUP($A397,MAGAZZINO!$B$2:$M$4838,6,FALSE) | G397: =+VLOOKUP($A397,MAGAZZINO!$B$2:$M$4838,7,FALSE) | H397: =+VLOOKUP($A397,MAGAZZINO!$B$2:$M$4838,8,FALSE) | I397: =+VLOOKUP($A397,MAGAZZINO!$B$2:$M$4838,9,FALSE) | J397: =+VLOOKUP($A397,MAGAZZINO!$B$2:$M$4838,10,FALSE) | K397: =+VLOOKUP($A397,MAGAZZINO!$B$2:$M$4838,11,FALSE) | L397: =+VLOOKUP($A397,MAGAZZINO!$B$2:$M$4838,12,FALSE)
A398: =+REGISTRO!A381 | B398: =+VLOOKUP($A398,MAGAZZINO!$B$2:$M$4838,2,FALSE) | C398: =+VLOOKUP($A398,MAGAZZINO!$B$2:$M$4838,3,FALSE) | D398: =+VLOOKUP($A398,MAGAZZINO!$B$2:$M$4838,4,FALSE) | E398: =+VLOOKUP($A398,MAGAZZINO!$B$2:$M$4838,5,FALSE) | F398: =+VLOOKUP($A398,MAGAZZINO!$B$2:$M$4838,6,FALSE) | G398: =+VLOOKUP($A398,MAGAZZINO!$B$2:$M$4838,7,FALSE) | H398: =+VLOOKUP($A398,MAGAZZINO!$B$2:$M$4838,8,FALSE) | I398: =+VLOOKUP($A398,MAGAZZINO!$B$2:$M$4838,9,FALSE) | J398: =+VLOOKUP($A398,MAGAZZINO!$B$2:$M$4838,10,FALSE) | K398: =+VLOOKUP($A398,MAGAZZINO!$B$2:$M$4838,11,FALSE) | L398: =+VLOOKUP($A398,MAGAZZINO!$B$2:$M$4838,12,FALSE)
A399: =+REGISTRO!A382 | B399: =+VLOOKUP($A399,MAGAZZINO!$B$2:$M$4838,2,FALSE) | C399: =+VLOOKUP($A399,MAGAZZINO!$B$2:$M$4838,3,FALSE) | D399: =+VLOOKUP($A399,MAGAZZINO!$B$2:$M$4838,4,FALSE) | E399: =+VLOOKUP($A399,MAGAZZINO!$B$2:$M$4838,5,FALSE) | F399: =+VLOOKUP($A399,MAGAZZINO!$B$2:$M$4838,6,FALSE) | G399: =+VLOOKUP($A399,MAGAZZINO!$B$2:$M$4838,7,FALSE) | H399: =+VLOOKUP($A399,MAGAZZINO!$B$2:$M$4838,8,FALSE) | I399: =+VLOOKUP($A399,MAGAZZINO!$B$2:$M$4838,9,FALSE) | J399: =+VLOOKUP($A399,MAGAZZINO!$B$2:$M$4838,10,FALSE) | K399: =+VLOOKUP($A399,MAGAZZINO!$B$2:$M$4838,11,FALSE) | L399: =+VLOOKUP($A399,MAGAZZINO!$B$2:$M$4838,12,FALSE)
A400: =+REGISTRO!A383 | B400: =+VLOOKUP($A400,MAGAZZINO!$B$2:$M$4838,2,FALSE) | C400: =+VLOOKUP($A400,MAGAZZINO!$B$2:$M$4838,3,FALSE) | D400: =+VLOOKUP($A400,MAGAZZINO!$B$2:$M$4838,4,FALSE) | E400: =+VLOOKUP($A400,MAGAZZINO!$B$2:$M$4838,5,FALSE) | F400: =+VLOOKUP($A400,MAGAZZINO!$B$2:$M$4838,6,FALSE) | G400: =+VLOOKUP($A400,MAGAZZINO!$B$2:$M$4838,7,FALSE) | H400: =+VLOOKUP($A400,MAGAZZINO!$B$2:$M$4838,8,FALSE) | I400: =+VLOOKUP($A400,MAGAZZINO!$B$2:$M$4838,9,FALSE) | J400: =+VLOOKUP($A400,MAGAZZINO!$B$2:$M$4838,10,FALSE) | K400: =+VLOOKUP($A400,MAGAZZINO!$B$2:$M$4838,11,FALSE) | L400: =+VLOOKUP($A400,MAGAZZINO!$B$2:$M$4838,12,FALSE)
A401: =+REGISTRO!A384 | B401: =+VLOOKUP($A401,MAGAZZINO!$B$2:$M$4838,2,FALSE) | C401: =+VLOOKUP($A401,MAGAZZINO!$B$2:$M$4838,3,FALSE) | D401: =+VLOOKUP($A401,MAGAZZINO!$B$2:$M$4838,4,FALSE) | E401: =+VLOOKUP($A401,MAGAZZINO!$B$2:$M$4838,5,FALSE) | F401: =+VLOOKUP($A401,MAGAZZINO!$B$2:$M$4838,6,FALSE) | G401: =+VLOOKUP($A401,MAGAZZINO!$B$2:$M$4838,7,FALSE) | H401: =+VLOOKUP($A401,MAGAZZINO!$B$2:$M$4838,8,FALSE) | I401: =+VLOOKUP($A401,MAGAZZINO!$B$2:$M$4838,9,FALSE) | J401: =+VLOOKUP($A401,MAGAZZINO!$B$2:$M$4838,10,FALSE) | K401: =+VLOOKUP($A401,MAGAZZINO!$B$2:$M$4838,11,FALSE) | L401: =+VLOOKUP($A401,MAGAZZINO!$B$2:$M$4838,12,FALSE)
A402: =+REGISTRO!A385 | B402: =+VLOOKUP($A402,MAGAZZINO!$B$2:$M$4838,2,FALSE) | C402: =+VLOOKUP($A402,MAGAZZINO!$B$2:$M$4838,3,FALSE) | D402: =+VLOOKUP($A402,MAGAZZINO!$B$2:$M$4838,4,FALSE) | E402: =+VLOOKUP($A402,MAGAZZINO!$B$2:$M$4838,5,FALSE) | F402: =+VLOOKUP($A402,MAGAZZINO!$B$2:$M$4838,6,FALSE) | G402: =+VLOOKUP($A402,MAGAZZINO!$B$2:$M$4838,7,FALSE) | H402: =+VLOOKUP($A402,MAGAZZINO!$B$2:$M$4838,8,FALSE) | I402: =+VLOOKUP($A402,MAGAZZINO!$B$2:$M$4838,9,FALSE) | J402: =+VLOOKUP($A402,MAGAZZINO!$B$2:$M$4838,10,FALSE) | K402: =+VLOOKUP($A402,MAGAZZINO!$B$2:$M$4838,11,FALSE) | L402: =+VLOOKUP($A402,MAGAZZINO!$B$2:$M$4838,12,FALSE)
A403: =+REGISTRO!A386 | B403: =+VLOOKUP($A403,MAGAZZINO!$B$2:$M$4838,2,FALSE) | C403: =+VLOOKUP($A403,MAGAZZINO!$B$2:$M$4838,3,FALSE) | D403: =+VLOOKUP($A403,MAGAZZINO!$B$2:$M$4838,4,FALSE) | E403: =+VLOOKUP($A403,MAGAZZINO!$B$2:$M$4838,5,FALSE) | F403: =+VLOOKUP($A403,MAGAZZINO!$B$2:$M$4838,6,FALSE) | G403: =+VLOOKUP($A403,MAGAZZINO!$B$2:$M$4838,7,FALSE) | H403: =+VLOOKUP($A403,MAGAZZINO!$B$2:$M$4838,8,FALSE) | I403: =+VLOOKUP($A403,MAGAZZINO!$B$2:$M$4838,9,FALSE) | J403: =+VLOOKUP($A403,MAGAZZINO!$B$2:$M$4838,10,FALSE) | K403: =+VLOOKUP($A403,MAGAZZINO!$B$2:$M$4838,11,FALSE) | L403: =+VLOOKUP($A403,MAGAZZINO!$B$2:$M$4838,12,FALSE)
A404: =+REGISTRO!A387 | B404: =+VLOOKUP($A404,MAGAZZINO!$B$2:$M$4838,2,FALSE) | C404: =+VLOOKUP($A404,MAGAZZINO!$B$2:$M$4838,3,FALSE) | D404: =+VLOOKUP($A404,MAGAZZINO!$B$2:$M$4838,4,FALSE) | E404: =+VLOOKUP($A404,MAGAZZINO!$B$2:$M$4838,5,FALSE) | F404: =+VLOOKUP($A404,MAGAZZINO!$B$2:$M$4838,6,FALSE) | G404: =+VLOOKUP($A404,MAGAZZINO!$B$2:$M$4838,7,FALSE) | H404: =+VLOOKUP($A404,MAGAZZINO!$B$2:$M$4838,8,FALSE) | I404: =+VLOOKUP($A404,MAGAZZINO!$B$2:$M$4838,9,FALSE) | J404: =+VLOOKUP($A404,MAGAZZINO!$B$2:$M$4838,10,FALSE) | K404: =+VLOOKUP($A404,MAGAZZINO!$B$2:$M$4838,11,FALSE) | L404: =+VLOOKUP($A404,MAGAZZINO!$B$2:$M$4838,12,FALSE)
A405: =+REGISTRO!A388 | B405: =+VLOOKUP($A405,MAGAZZINO!$B$2:$M$4838,2,FALSE) | C405: =+VLOOKUP($A405,MAGAZZINO!$B$2:$M$4838,3,FALSE) | D405: =+VLOOKUP($A405,MAGAZZINO!$B$2:$M$4838,4,FALSE) | E405: =+VLOOKUP($A405,MAGAZZINO!$B$2:$M$4838,5,FALSE) | F405: =+VLOOKUP($A405,MAGAZZINO!$B$2:$M$4838,6,FALSE) | G405: =+VLOOKUP($A405,MAGAZZINO!$B$2:$M$4838,7,FALSE) | H405: =+VLOOKUP($A405,MAGAZZINO!$B$2:$M$4838,8,FALSE) | I405: =+VLOOKUP($A405,MAGAZZINO!$B$2:$M$4838,9,FALSE) | J405: =+VLOOKUP($A405,MAGAZZINO!$B$2:$M$4838,10,FALSE) | K405: =+VLOOKUP($A405,MAGAZZINO!$B$2:$M$4838,11,FALSE) | L405: =+VLOOKUP($A405,MAGAZZINO!$B$2:$M$4838,12,FALSE)
A406: =+REGISTRO!A389 | B406: =+VLOOKUP($A406,MAGAZZINO!$B$2:$M$4838,2,FALSE) | C406: =+VLOOKUP($A406,MAGAZZINO!$B$2:$M$4838,3,FALSE) | D406: =+VLOOKUP($A406,MAGAZZINO!$B$2:$M$4838,4,FALSE) | E406: =+VLOOKUP($A406,MAGAZZINO!$B$2:$M$4838,5,FALSE) | F406: =+VLOOKUP($A406,MAGAZZINO!$B$2:$M$4838,6,FALSE) | G406: =+VLOOKUP($A406,MAGAZZINO!$B$2:$M$4838,7,FALSE) | H406: =+VLOOKUP($A406,MAGAZZINO!$B$2:$M$4838,8,FALSE) | I406: =+VLOOKUP($A406,MAGAZZINO!$B$2:$M$4838,9,FALSE) | J406: =+VLOOKUP($A406,MAGAZZINO!$B$2:$M$4838,10,FALSE) | K406: =+VLOOKUP($A406,MAGAZZINO!$B$2:$M$4838,11,FALSE) | L406: =+VLOOKUP($A406,MAGAZZINO!$B$2:$M$4838,12,FALSE)
A407: =+REGISTRO!A390 | B407: =+VLOOKUP($A407,MAGAZZINO!$B$2:$M$4838,2,FALSE) | C407: =+VLOOKUP($A407,MAGAZZINO!$B$2:$M$4838,3,FALSE) | D407: =+VLOOKUP($A407,MAGAZZINO!$B$2:$M$4838,4,FALSE) | E407: =+VLOOKUP($A407,MAGAZZINO!$B$2:$M$4838,5,FALSE) | F407: =+VLOOKUP($A407,MAGAZZINO!$B$2:$M$4838,6,FALSE) | G407: =+VLOOKUP($A407,MAGAZZINO!$B$2:$M$4838,7,FALSE) | H407: =+VLOOKUP($A407,MAGAZZINO!$B$2:$M$4838,8,FALSE) | I407: =+VLOOKUP($A407,MAGAZZINO!$B$2:$M$4838,9,FALSE) | J407: =+VLOOKUP($A407,MAGAZZINO!$B$2:$M$4838,10,FALSE) | K407: =+VLOOKUP($A407,MAGAZZINO!$B$2:$M$4838,11,FALSE) | L407: =+VLOOKUP($A407,MAGAZZINO!$B$2:$M$4838,12,FALSE)
A408: =+REGISTRO!A391 | B408: =+VLOOKUP($A408,MAGAZZINO!$B$2:$M$4838,2,FALSE) | C408: =+VLOOKUP($A408,MAGAZZINO!$B$2:$M$4838,3,FALSE) | D408: =+VLOOKUP($A408,MAGAZZINO!$B$2:$M$4838,4,FALSE) | E408: =+VLOOKUP($A408,MAGAZZINO!$B$2:$M$4838,5,FALSE) | F408: =+VLOOKUP($A408,MAGAZZINO!$B$2:$M$4838,6,FALSE) | G408: =+VLOOKUP($A408,MAGAZZINO!$B$2:$M$4838,7,FALSE) | H408: =+VLOOKUP($A408,MAGAZZINO!$B$2:$M$4838,8,FALSE) | I408: =+VLOOKUP($A408,MAGAZZINO!$B$2:$M$4838,9,FALSE) | J408: =+VLOOKUP($A408,MAGAZZINO!$B$2:$M$4838,10,FALSE) | K408: =+VLOOKUP($A408,MAGAZZINO!$B$2:$M$4838,11,FALSE) | L408: =+VLOOKUP($A408,MAGAZZINO!$B$2:$M$4838,12,FALSE)
A409: =+REGISTRO!A392 | B409: =+VLOOKUP($A409,MAGAZZINO!$B$2:$M$4838,2,FALSE) | C409: =+VLOOKUP($A409,MAGAZZINO!$B$2:$M$4838,3,FALSE) | D409: =+VLOOKUP($A409,MAGAZZINO!$B$2:$M$4838,4,FALSE) | E409: =+VLOOKUP($A409,MAGAZZINO!$B$2:$M$4838,5,FALSE) | F409: =+VLOOKUP($A409,MAGAZZINO!$B$2:$M$4838,6,FALSE) | G409: =+VLOOKUP($A409,MAGAZZINO!$B$2:$M$4838,7,FALSE) | H409: =+VLOOKUP($A409,MAGAZZINO!$B$2:$M$4838,8,FALSE) | I409: =+VLOOKUP($A409,MAGAZZINO!$B$2:$M$4838,9,FALSE) | J409: =+VLOOKUP($A409,MAGAZZINO!$B$2:$M$4838,10,FALSE) | K409: =+VLOOKUP($A409,MAGAZZINO!$B$2:$M$4838,11,FALSE) | L409: =+VLOOKUP($A409,MAGAZZINO!$B$2:$M$4838,12,FALSE)
... A668: =+REGISTRO!A651 | B668: =+VLOOKUP($A668,MAGAZZINO!$B$2:$M$4838,2,FALSE) | C668: =+VLOOKUP($A668,MAGAZZINO!$B$2:$M$4838,3,FALSE) | D668: =+VLOOKUP($A668,MAGAZZINO!$B$2:$M$4838,4,FALSE) | E668: =+VLOOKUP($A668,MAGAZZINO!$B$2:$M$4838,5,FALSE) | F668: =+VLOOKUP($A668,MAGAZZINO!$B$2:$M$4838,6,FALSE) | G668: =+VLOOKUP($A668,MAGAZZINO!$B$2:$M$4838,7,FALSE) | H668: =+VLOOKUP($A668,MAGAZZINO!$B$2:$M$4838,8,FALSE) | I668: =+VLOOKUP($A668,MAGAZZINO!$B$2:$M$4838,9,FALSE) | J668: =+VLOOKUP($A668,MAGAZZINO!$B$2:$M$4838,10,FALSE) | K668: =+VLOOKUP($A668,MAGAZZINO!$B$2:$M$4838,11,FALSE) | L668: =+VLOOKUP($A668,MAGAZZINO!$B$2:$M$4838,12,FALSE)
A669: =+REGISTRO!#REF! | B669: =+VLOOKUP($A669,MAGAZZINO!$B$2:$M$4838,2,FALSE) | C669: =+VLOOKUP($A669,MAGAZZINO!$B$2:$M$4838,3,FALSE) | D669: =+VLOOKUP($A669,MAGAZZINO!$B$2:$M$4838,4,FALSE) | E669: =+VLOOKUP($A669,MAGAZZINO!$B$2:$M$4838,5,FALSE) | F669: =+VLOOKUP($A669,MAGAZZINO!$B$2:$M$4838,6,FALSE) | G669: =+VLOOKUP($A669,MAGAZZINO!$B$2:$M$4838,7,FALSE) | H669: =+VLOOKUP($A669,MAGAZZINO!$B$2:$M$4838,8,FALSE) | I669: =+VLOOKUP($A669,MAGAZZINO!$B$2:$M$4838,9,FALSE) | J669: =+VLOOKUP($A669,MAGAZZINO!$B$2:$M$4838,10,FALSE) | K669: =+VLOOKUP($A669,MAGAZZINO!$B$2:$M$4838,11,FALSE) | L669: =+VLOOKUP($A669,MAGAZZINO!$B$2:$M$4838,12,FALSE)
A670: =+REGISTRO!#REF! | B670: =+VLOOKUP($A670,MAGAZZINO!$B$2:$M$4838,2,FALSE) | C670: =+VLOOKUP($A670,MAGAZZINO!$B$2:$M$4838,3,FALSE) | D670: =+VLOOKUP($A670,MAGAZZINO!$B$2:$M$4838,4,FALSE) | E670: =+VLOOKUP($A670,MAGAZZINO!$B$2:$M$4838,5,FALSE) | F670: =+VLOOKUP($A670,MAGAZZINO!$B$2:$M$4838,6,FALSE) | G670: =+VLOOKUP($A670,MAGAZZINO!$B$2:$M$4838,7,FALSE) | H670: =+VLOOKUP($A670,MAGAZZINO!$B$2:$M$4838,8,FALSE) | I670: =+VLOOKUP($A670,MAGAZZINO!$B$2:$M$4838,9,FALSE) | J670: =+VLOOKUP($A670,MAGAZZINO!$B$2:$M$4838,10,FALSE) | K670: =+VLOOKUP($A670,MAGAZZINO!$B$2:$M$4838,11,FALSE) | L670: =+VLOOKUP($A670,MAGAZZINO!$B$2:$M$4838,12,FALSE)
A671: =+REGISTRO!#REF! | B671: =+VLOOKUP($A671,MAGAZZINO!$B$2:$M$4838,2,FALSE) | C671: =+VLOOKUP($A671,MAGAZZINO!$B$2:$M$4838,3,FALSE) | D671: =+VLOOKUP($A671,MAGAZZINO!$B$2:$M$4838,4,FALSE) | E671: =+VLOOKUP($A671,MAGAZZINO!$B$2:$M$4838,5,FALSE) | F671: =+VLOOKUP($A671,MAGAZZINO!$B$2:$M$4838,6,FALSE) | G671: =+VLOOKUP($A671,MAGAZZINO!$B$2:$M$4838,7,FALSE) | H671: =+VLOOKUP($A671,MAGAZZINO!$B$2:$M$4838,8,FALSE) | I671: =+VLOOKUP($A671,MAGAZZINO!$B$2:$M$4838,9,FALSE) | J671: =+VLOOKUP($A671,MAGAZZINO!$B$2:$M$4838,10,FALSE) | K671: =+VLOOKUP($A671,MAGAZZINO!$B$2:$M$4838,11,FALSE) | L671: =+VLOOKUP($A671,MAGAZZINO!$B$2:$M$4838,12,FALSE)
A672: =+REGISTRO!A655 | B672: =+VLOOKUP($A672,MAGAZZINO!$B$2:$M$4838,2,FALSE) | C672: =+VLOOKUP($A672,MAGAZZINO!$B$2:$M$4838,3,FALSE) | D672: =+VLOOKUP($A672,MAGAZZINO!$B$2:$M$4838,4,FALSE) | E672: =+VLOOKUP($A672,MAGAZZINO!$B$2:$M$4838,5,FALSE) | F672: =+VLOOKUP($A672,MAGAZZINO!$B$2:$M$4838,6,FALSE) | G672: =+VLOOKUP($A672,MAGAZZINO!$B$2:$M$4838,7,FALSE) | H672: =+VLOOKUP($A672,MAGAZZINO!$B$2:$M$4838,8,FALSE) | I672: =+VLOOKUP($A672,MAGAZZINO!$B$2:$M$4838,9,FALSE) | J672: =+VLOOKUP($A672,MAGAZZINO!$B$2:$M$4838,10,FALSE) | K672: =+VLOOKUP($A672,MAGAZZINO!$B$2:$M$4838,11,FALSE) | L672: =+VLOOKUP($A672,MAGAZZINO!$B$2:$M$4838,12,FALSE)
A673: =+REGISTRO!A656 | B673: =+VLOOKUP($A673,MAGAZZINO!$B$2:$M$4838,2,FALSE) | C673: =+VLOOKUP($A673,MAGAZZINO!$B$2:$M$4838,3,FALSE) | D673: =+VLOOKUP($A673,MAGAZZINO!$B$2:$M$4838,4,FALSE) | E673: =+VLOOKUP($A673,MAGAZZINO!$B$2:$M$4838,5,FALSE) | F673: =+VLOOKUP($A673,MAGAZZINO!$B$2:$M$4838,6,FALSE) | G673: =+VLOOKUP($A673,MAGAZZINO!$B$2:$M$4838,7,FALSE) | H673: =+VLOOKUP($A673,MAGAZZINO!$B$2:$M$4838,8,FALSE) | I673: =+VLOOKUP($A673,MAGAZZINO!$B$2:$M$4838,9,FALSE) | J673: =+VLOOKUP($A673,MAGAZZINO!$B$2:$M$4838,10,FALSE) | K673: =+VLOOKUP($A673,MAGAZZINO!$B$2:$M$4838,11,FALSE) | L673: =+VLOOKUP($A673,MAGAZZINO!$B$2:$M$4838,12,FALSE)
A674: =+REGISTRO!A657 | B674: =+VLOOKUP($A674,MAGAZZINO!$B$2:$M$4838,2,FALSE) | C674: =+VLOOKUP($A674,MAGAZZINO!$B$2:$M$4838,3,FALSE) | D674: =+VLOOKUP($A674,MAGAZZINO!$B$2:$M$4838,4,FALSE) | E674: =+VLOOKUP($A674,MAGAZZINO!$B$2:$M$4838,5,FALSE) | F674: =+VLOOKUP($A674,MAGAZZINO!$B$2:$M$4838,6,FALSE) | G674: =+VLOOKUP($A674,MAGAZZINO!$B$2:$M$4838,7,FALSE) | H674: =+VLOOKUP($A674,MAGAZZINO!$B$2:$M$4838,8,FALSE) | I674: =+VLOOKUP($A674,MAGAZZINO!$B$2:$M$4838,9,FALSE) | J674: =+VLOOKUP($A674,MAGAZZINO!$B$2:$M$4838,10,FALSE) | K674: =+VLOOKUP($A674,MAGAZZINO!$B$2:$M$4838,11,FALSE) | L674: =+VLOOKUP($A674,MAGAZZINO!$B$2:$M$4838,12,FALSE)
A675: =+REGISTRO!A658 | B675: =+VLOOKUP($A675,MAGAZZINO!$B$2:$M$4838,2,FALSE) | C675: =+VLOOKUP($A675,MAGAZZINO!$B$2:$M$4838,3,FALSE) | D675: =+VLOOKUP($A675,MAGAZZINO!$B$2:$M$4838,4,FALSE) | E675: =+VLOOKUP($A675,MAGAZZINO!$B$2:$M$4838,5,FALSE) | F675: =+VLOOKUP($A675,MAGAZZINO!$B$2:$M$4838,6,FALSE) | G675: =+VLOOKUP($A675,MAGAZZINO!$B$2:$M$4838,7,FALSE) | H675: =+VLOOKUP($A675,MAGAZZINO!$B$2:$M$4838,8,FALSE) | I675: =+VLOOKUP($A675,MAGAZZINO!$B$2:$M$4838,9,FALSE) | J675: =+VLOOKUP($A675,MAGAZZINO!$B$2:$M$4838,10,FALSE) | K675: =+VLOOKUP($A675,MAGAZZINO!$B$2:$M$4838,11,FALSE) | L675: =+VLOOKUP($A675,MAGAZZINO!$B$2:$M$4838,12,FALSE)
A676: =+REGISTRO!A659 | B676: =+VLOOKUP($A676,MAGAZZINO!$B$2:$M$4838,2,FALSE) | C676: =+VLOOKUP($A676,MAGAZZINO!$B$2:$M$4838,3,FALSE) | D676: =+VLOOKUP($A676,MAGAZZINO!$B$2:$M$4838,4,FALSE) | E676: =+VLOOKUP($A676,MAGAZZINO!$B$2:$M$4838,5,FALSE) | F676: =+VLOOKUP($A676,MAGAZZINO!$B$2:$M$4838,6,FALSE) | G676: =+VLOOKUP($A676,MAGAZZINO!$B$2:$M$4838,7,FALSE) | H676: =+VLOOKUP($A676,MAGAZZINO!$B$2:$M$4838,8,FALSE) | I676: =+VLOOKUP($A676,MAGAZZINO!$B$2:$M$4838,9,FALSE) | J676: =+VLOOKUP($A676,MAGAZZINO!$B$2:$M$4838,10,FALSE) | K676: =+VLOOKUP($A676,MAGAZZINO!$B$2:$M$4838,11,FALSE) | L676: =+VLOOKUP($A676,MAGAZZINO!$B$2:$M$4838,12,FALSE)
A677: =+REGISTRO!A660 | B677: =+VLOOKUP($A677,MAGAZZINO!$B$2:$M$4838,2,FALSE) | C677: =+VLOOKUP($A677,MAGAZZINO!$B$2:$M$4838,3,FALSE) | D677: =+VLOOKUP($A677,MAGAZZINO!$B$2:$M$4838,4,FALSE) | E677: =+VLOOKUP($A677,MAGAZZINO!$B$2:$M$4838,5,FALSE) | F677: =+VLOOKUP($A677,MAGAZZINO!$B$2:$M$4838,6,FALSE) | G677: =+VLOOKUP($A677,MAGAZZINO!$B$2:$M$4838,7,FALSE) | H677: =+VLOOKUP($A677,MAGAZZINO!$B$2:$M$4838,8,FALSE) | I677: =+VLOOKUP($A677,MAGAZZINO!$B$2:$M$4838,9,FALSE) | J677: =+VLOOKUP($A677,MAGAZZINO!$B$2:$M$4838,10,FALSE) | K677: =+VLOOKUP($A677,MAGAZZINO!$B$2:$M$4838,11,FALSE) | L677: =+VLOOKUP($A677,MAGAZZINO!$B$2:$M$4838,12,FALSE)
A678: =+REGISTRO!A661 | B678: =+VLOOKUP($A678,MAGAZZINO!$B$2:$M$4838,2,FALSE) | C678: =+VLOOKUP($A678,MAGAZZINO!$B$2:$M$4838,3,FALSE) | D678: =+VLOOKUP($A678,MAGAZZINO!$B$2:$M$4838,4,FALSE) | E678: =+VLOOKUP($A678,MAGAZZINO!$B$2:$M$4838,5,FALSE) | F678: =+VLOOKUP($A678,MAGAZZINO!$B$2:$M$4838,6,FALSE) | G678: =+VLOOKUP($A678,MAGAZZINO!$B$2:$M$4838,7,FALSE) | H678: =+VLOOKUP($A678,MAGAZZINO!$B$2:$M$4838,8,FALSE) | I678: =+VLOOKUP($A678,MAGAZZINO!$B$2:$M$4838,9,FALSE) | J678: =+VLOOKUP($A678,MAGAZZINO!$B$2:$M$4838,10,FALSE) | K678: =+VLOOKUP($A678,MAGAZZINO!$B$2:$M$4838,11,FALSE) | L678: =+VLOOKUP($A678,MAGAZZINO!$B$2:$M$4838,12,FALSE)
A679: =+REGISTRO!A662 | B679: =+VLOOKUP($A679,MAGAZZINO!$B$2:$M$4838,2,FALSE) | C679: =+VLOOKUP($A679,MAGAZZINO!$B$2:$M$4838,3,FALSE) | D679: =+VLOOKUP($A679,MAGAZZINO!$B$2:$M$4838,4,FALSE) | E679: =+VLOOKUP($A679,MAGAZZINO!$B$2:$M$4838,5,FALSE) | F679: =+VLOOKUP($A679,MAGAZZINO!$B$2:$M$4838,6,FALSE) | G679: =+VLOOKUP($A679,MAGAZZINO!$B$2:$M$4838,7,FALSE) | H679: =+VLOOKUP($A679,MAGAZZINO!$B$2:$M$4838,8,FALSE) | I679: =+VLOOKUP($A679,MAGAZZINO!$B$2:$M$4838,9,FALSE) | J679: =+VLOOKUP($A679,MAGAZZINO!$B$2:$M$4838,10,FALSE) | K679: =+VLOOKUP($A679,MAGAZZINO!$B$2:$M$4838,11,FALSE) | L679: =+VLOOKUP($A679,MAGAZZINO!$B$2:$M$4838,12,FALSE)
A680: =+REGISTRO!A663 | B680: =+VLOOKUP($A680,MAGAZZINO!$B$2:$M$4838,2,FALSE) | C680: =+VLOOKUP($A680,MAGAZZINO!$B$2:$M$4838,3,FALSE) | D680: =+VLOOKUP($A680,MAGAZZINO!$B$2:$M$4838,4,FALSE) | E680: =+VLOOKUP($A680,MAGAZZINO!$B$2:$M$4838,5,FALSE) | F680: =+VLOOKUP($A680,MAGAZZINO!$B$2:$M$4838,6,FALSE) | G680: =+VLOOKUP($A680,MAGAZZINO!$B$2:$M$4838,7,FALSE) | H680: =+VLOOKUP($A680,MAGAZZINO!$B$2:$M$4838,8,FALSE) | I680: =+VLOOKUP($A680,MAGAZZINO!$B$2:$M$4838,9,FALSE) | J680: =+VLOOKUP($A680,MAGAZZINO!$B$2:$M$4838,10,FALSE) | K680: =+VLOOKUP($A680,MAGAZZINO!$B$2:$M$4838,11,FALSE) | L680: =+VLOOKUP($A680,MAGAZZINO!$B$2:$M$4838,12,FALSE)
A681: =+REGISTRO!A664 | B681: =+VLOOKUP($A681,MAGAZZINO!$B$2:$M$4838,2,FALSE) | C681: =+VLOOKUP($A681,MAGAZZINO!$B$2:$M$4838,3,FALSE) | D681: =+VLOOKUP($A681,MAGAZZINO!$B$2:$M$4838,4,FALSE) | E681: =+VLOOKUP($A681,MAGAZZINO!$B$2:$M$4838,5,FALSE) | F681: =+VLOOKUP($A681,MAGAZZINO!$B$2:$M$4838,6,FALSE) | G681: =+VLOOKUP($A681,MAGAZZINO!$B$2:$M$4838,7,FALSE) | H681: =+VLOOKUP($A681,MAGAZZINO!$B$2:$M$4838,8,FALSE) | I681: =+VLOOKUP($A681,MAGAZZINO!$B$2:$M$4838,9,FALSE) | J681: =+VLOOKUP($A681,MAGAZZINO!$B$2:$M$4838,10,FALSE) | K681: =+VLOOKUP($A681,MAGAZZINO!$B$2:$M$4838,11,FALSE) | L681: =+VLOOKUP($A681,MAGAZZINO!$B$2:$M$4838,12,FALSE)
A682: =+REGISTRO!#REF! | B682: =+VLOOKUP($A682,MAGAZZINO!$B$2:$M$4838,2,FALSE) | C682: =+VLOOKUP($A682,MAGAZZINO!$B$2:$M$4838,3,FALSE) | D682: =+VLOOKUP($A682,MAGAZZINO!$B$2:$M$4838,4,FALSE) | E682: =+VLOOKUP($A682,MAGAZZINO!$B$2:$M$4838,5,FALSE) | F682: =+VLOOKUP($A682,MAGAZZINO!$B$2:$M$4838,6,FALSE) | G682: =+VLOOKUP($A682,MAGAZZINO!$B$2:$M$4838,7,FALSE) | H682: =+VLOOKUP($A682,MAGAZZINO!$B$2:$M$4838,8,FALSE) | I682: =+VLOOKUP($A682,MAGAZZINO!$B$2:$M$4838,9,FALSE) | J682: =+VLOOKUP($A682,MAGAZZINO!$B$2:$M$4838,10,FALSE) | K682: =+VLOOKUP($A682,MAGAZZINO!$B$2:$M$4838,11,FALSE) | L682: =+VLOOKUP($A682,MAGAZZINO!$B$2:$M$4838,12,FALSE)
A683: =+REGISTRO!#REF! | B683: =+VLOOKUP($A683,MAGAZZINO!$B$2:$M$4838,2,FALSE) | C683: =+VLOOKUP($A683,MAGAZZINO!$B$2:$M$4838,3,FALSE) | D683: =+VLOOKUP($A683,MAGAZZINO!$B$2:$M$4838,4,FALSE) | E683: =+VLOOKUP($A683,MAGAZZINO!$B$2:$M$4838,5,FALSE) | F683: =+VLOOKUP($A683,MAGAZZINO!$B$2:$M$4838,6,FALSE) | G683: =+VLOOKUP($A683,MAGAZZINO!$B$2:$M$4838,7,FALSE) | H683: =+VLOOKUP($A683,MAGAZZINO!$B$2:$M$4838,8,FALSE) | I683: =+VLOOKUP($A683,MAGAZZINO!$B$2:$M$4838,9,FALSE) | J683: =+VLOOKUP($A683,MAGAZZINO!$B$2:$M$4838,10,FALSE) | K683: =+VLOOKUP($A683,MAGAZZINO!$B$2:$M$4838,11,FALSE) | L683: =+VLOOKUP($A683,MAGAZZINO!$B$2:$M$4838,12,FALSE)
A684: =+REGISTRO!#REF! | B684: =+VLOOKUP($A684,MAGAZZINO!$B$2:$M$4838,2,FALSE) | C684: =+VLOOKUP($A684,MAGAZZINO!$B$2:$M$4838,3,FALSE) | D684: =+VLOOKUP($A684,MAGAZZINO!$B$2:$M$4838,4,FALSE) | E684: =+VLOOKUP($A684,MAGAZZINO!$B$2:$M$4838,5,FALSE) | F684: =+VLOOKUP($A684,MAGAZZINO!$B$2:$M$4838,6,FALSE) | G684: =+VLOOKUP($A684,MAGAZZINO!$B$2:$M$4838,7,FALSE) | H684: =+VLOOKUP($A684,MAGAZZINO!$B$2:$M$4838,8,FALSE) | I684: =+VLOOKUP($A684,MAGAZZINO!$B$2:$M$4838,9,FALSE) | J684: =+VLOOKUP($A684,MAGAZZINO!$B$2:$M$4838,10,FALSE) | K684: =+VLOOKUP($A684,MAGAZZINO!$B$2:$M$4838,11,FALSE) | L684: =+VLOOKUP($A684,MAGAZZINO!$B$2:$M$4838,12,FALSE)
A685: =+REGISTRO!#REF! | B685: =+VLOOKUP($A685,MAGAZZINO!$B$2:$M$4838,2,FALSE) | C685: =+VLOOKUP($A685,MAGAZZINO!$B$2:$M$4838,3,FALSE) | D685: =+VLOOKUP($A685,MAGAZZINO!$B$2:$M$4838,4,FALSE) | E685: =+VLOOKUP($A685,MAGAZZINO!$B$2:$M$4838,5,FALSE) | F685: =+VLOOKUP($A685,MAGAZZINO!$B$2:$M$4838,6,FALSE) | G685: =+VLOOKUP($A685,MAGAZZINO!$B$2:$M$4838,7,FALSE) | H685: =+VLOOKUP($A685,MAGAZZINO!$B$2:$M$4838,8,FALSE) | I685: =+VLOOKUP($A685,MAGAZZINO!$B$2:$M$4838,9,FALSE) | J685: =+VLOOKUP($A685,MAGAZZINO!$B$2:$M$4838,10,FALSE) | K685: =+VLOOKUP($A685,MAGAZZINO!$B$2:$M$4838,11,FALSE) | L685: =+VLOOKUP($A685,MAGAZZINO!$B$2:$M$4838,12,FALSE)
A686: =+REGISTRO!#REF! | B686: =+VLOOKUP($A686,MAGAZZINO!$B$2:$M$4838,2,FALSE) | C686: =+VLOOKUP($A686,MAGAZZINO!$B$2:$M$4838,3,FALSE) | D686: =+VLOOKUP($A686,MAGAZZINO!$B$2:$M$4838,4,FALSE) | E686: =+VLOOKUP($A686,MAGAZZINO!$B$2:$M$4838,5,FALSE) | F686: =+VLOOKUP($A686,MAGAZZINO!$B$2:$M$4838,6,FALSE) | G686: =+VLOOKUP($A686,MAGAZZINO!$B$2:$M$4838,7,FALSE) | H686: =+VLOOKUP($A686,MAGAZZINO!$B$2:$M$4838,8,FALSE) | I686: =+VLOOKUP($A686,MAGAZZINO!$B$2:$M$4838,9,FALSE) | J686: =+VLOOKUP($A686,MAGAZZINO!$B$2:$M$4838,10,FALSE) | K686: =+VLOOKUP($A686,MAGAZZINO!$B$2:$M$4838,11,FALSE) | L686: =+VLOOKUP($A686,MAGAZZINO!$B$2:$M$4838,12,FALSE)
A687: =+REGISTRO!#REF! | B687: =+VLOOKUP($A687,MAGAZZINO!$B$2:$M$4838,2,FALSE) | C687: =+VLOOKUP($A687,MAGAZZINO!$B$2:$M$4838,3,FALSE) | D687: =+VLOOKUP($A687,MAGAZZINO!$B$2:$M$4838,4,FALSE) | E687: =+VLOOKUP($A687,MAGAZZINO!$B$2:$M$4838,5,FALSE) | F687: =+VLOOKUP($A687,MAGAZZINO!$B$2:$M$4838,6,FALSE) | G687: =+VLOOKUP($A687,MAGAZZINO!$B$2:$M$4838,7,FALSE) | H687: =+VLOOKUP($A687,MAGAZZINO!$B$2:$M$4838,8,FALSE) | I687: =+VLOOKUP($A687,MAGAZZINO!$B$2:$M$4838,9,FALSE) | J687: =+VLOOKUP($A687,MAGAZZINO!$B$2:$M$4838,10,FALSE) | K687: =+VLOOKUP($A687,MAGAZZINO!$B$2:$M$4838,11,FALSE) | L687: =+VLOOKUP($A687,MAGAZZINO!$B$2:$M$4838,12,FALSE)
A688: =+REGISTRO!#REF! | B688: =+VLOOKUP($A688,MAGAZZINO!$B$2:$M$4838,2,FALSE) | C688: =+VLOOKUP($A688,MAGAZZINO!$B$2:$M$4838,3,FALSE) | D688: =+VLOOKUP($A688,MAGAZZINO!$B$2:$M$4838,4,FALSE) | E688: =+VLOOKUP($A688,MAGAZZINO!$B$2:$M$4838,5,FALSE) | F688: =+VLOOKUP($A688,MAGAZZINO!$B$2:$M$4838,6,FALSE) | G688: =+VLOOKUP($A688,MAGAZZINO!$B$2:$M$4838,7,FALSE) | H688: =+VLOOKUP($A688,MAGAZZINO!$B$2:$M$4838,8,FALSE) | I688: =+VLOOKUP($A688,MAGAZZINO!$B$2:$M$4838,9,FALSE) | J688: =+VLOOKUP($A688,MAGAZZINO!$B$2:$M$4838,10,FALSE) | K688: =+VLOOKUP($A688,MAGAZZINO!$B$2:$M$4838,11,FALSE) | L688: =+VLOOKUP($A688,MAGAZZINO!$B$2:$M$4838,12,FALSE)
A689: =+REGISTRO!#REF! | B689: =+VLOOKUP($A689,MAGAZZINO!$B$2:$M$4838,2,FALSE) | C689: =+VLOOKUP($A689,MAGAZZINO!$B$2:$M$4838,3,FALSE) | D689: =+VLOOKUP($A689,MAGAZZINO!$B$2:$M$4838,4,FALSE) | E689: =+VLOOKUP($A689,MAGAZZINO!$B$2:$M$4838,5,FALSE) | F689: =+VLOOKUP($A689,MAGAZZINO!$B$2:$M$4838,6,FALSE) | G689: =+VLOOKUP($A689,MAGAZZINO!$B$2:$M$4838,7,FALSE) | H689: =+VLOOKUP($A689,MAGAZZINO!$B$2:$M$4838,8,FALSE) | I689: =+VLOOKUP($A689,MAGAZZINO!$B$2:$M$4838,9,FALSE) | J689: =+VLOOKUP($A689,MAGAZZINO!$B$2:$M$4838,10,FALSE) | K689: =+VLOOKUP($A689,MAGAZZINO!$B$2:$M$4838,11,FALSE) | L689: =+VLOOKUP($A689,MAGAZZINO!$B$2:$M$4838,12,FALSE)
A690: =+REGISTRO!#REF! | B690: =+VLOOKUP($A690,MAGAZZINO!$B$2:$M$4838,2,FALSE) | C690: =+VLOOKUP($A690,MAGAZZINO!$B$2:$M$4838,3,FALSE) | D690: =+VLOOKUP($A690,MAGAZZINO!$B$2:$M$4838,4,FALSE) | E690: =+VLOOKUP($A690,MAGAZZINO!$B$2:$M$4838,5,FALSE) | F690: =+VLOOKUP($A690,MAGAZZINO!$B$2:$M$4838,6,FALSE) | G690: =+VLOOKUP($A690,MAGAZZINO!$B$2:$M$4838,7,FALSE) | H690: =+VLOOKUP($A690,MAGAZZINO!$B$2:$M$4838,8,FALSE) | I690: =+VLOOKUP($A690,MAGAZZINO!$B$2:$M$4838,9,FALSE) | J690: =+VLOOKUP($A690,MAGAZZINO!$B$2:$M$4838,10,FALSE) | K690: =+VLOOKUP($A690,MAGAZZINO!$B$2:$M$4838,11,FALSE) | L690: =+VLOOKUP($A690,MAGAZZINO!$B$2:$M$4838,12,FALSE)
A691: =+REGISTRO!#REF! | B691: =+VLOOKUP($A691,MAGAZZINO!$B$2:$M$4838,2,FALSE) | C691: =+VLOOKUP($A691,MAGAZZINO!$B$2:$M$4838,3,FALSE) | D691: =+VLOOKUP($A691,MAGAZZINO!$B$2:$M$4838,4,FALSE) | E691: =+VLOOKUP($A691,MAGAZZINO!$B$2:$M$4838,5,FALSE) | F691: =+VLOOKUP($A691,MAGAZZINO!$B$2:$M$4838,6,FALSE) | G691: =+VLOOKUP($A691,MAGAZZINO!$B$2:$M$4838,7,FALSE) | H691: =+VLOOKUP($A691,MAGAZZINO!$B$2:$M$4838,8,FALSE) | I691: =+VLOOKUP($A691,MAGAZZINO!$B$2:$M$4838,9,FALSE) | J691: =+VLOOKUP($A691,MAGAZZINO!$B$2:$M$4838,10,FALSE) | K691: =+VLOOKUP($A691,MAGAZZINO!$B$2:$M$4838,11,FALSE) | L691: =+VLOOKUP($A691,MAGAZZINO!$B$2:$M$4838,12,FALSE)
A692: =+REGISTRO!A675 | B692: =+VLOOKUP($A692,MAGAZZINO!$B$2:$M$4838,2,FALSE) | C692: =+VLOOKUP($A692,MAGAZZINO!$B$2:$M$4838,3,FALSE) | D692: =+VLOOKUP($A692,MAGAZZINO!$B$2:$M$4838,4,FALSE) | E692: =+VLOOKUP($A692,MAGAZZINO!$B$2:$M$4838,5,FALSE) | F692: =+VLOOKUP($A692,MAGAZZINO!$B$2:$M$4838,6,FALSE) | G692: =+VLOOKUP($A692,MAGAZZINO!$B$2:$M$4838,7,FALSE) | H692: =+VLOOKUP($A692,MAGAZZINO!$B$2:$M$4838,8,FALSE) | I692: =+VLOOKUP($A692,MAGAZZINO!$B$2:$M$4838,9,FALSE) | J692: =+VLOOKUP($A692,MAGAZZINO!$B$2:$M$4838,10,FALSE) | K692: =+VLOOKUP($A692,MAGAZZINO!$B$2:$M$4838,11,FALSE) | L692: =+VLOOKUP($A692,MAGAZZINO!$B$2:$M$4838,12,FALSE)
A693: =+REGISTRO!A676 | B693: =+VLOOKUP($A693,MAGAZZINO!$B$2:$M$4838,2,FALSE) | C693: =+VLOOKUP($A693,MAGAZZINO!$B$2:$M$4838,3,FALSE) | D693: =+VLOOKUP($A693,MAGAZZINO!$B$2:$M$4838,4,FALSE) | E693: =+VLOOKUP($A693,MAGAZZINO!$B$2:$M$4838,5,FALSE) | F693: =+VLOOKUP($A693,MAGAZZINO!$B$2:$M$4838,6,FALSE) | G693: =+VLOOKUP($A693,MAGAZZINO!$B$2:$M$4838,7,FALSE) | H693: =+VLOOKUP($A693,MAGAZZINO!$B$2:$M$4838,8,FALSE) | I693: =+VLOOKUP($A693,MAGAZZINO!$B$2:$M$4838,9,FALSE) | J693: =+VLOOKUP($A693,MAGAZZINO!$B$2:$M$4838,10,FALSE) | K693: =+VLOOKUP($A693,MAGAZZINO!$B$2:$M$4838,11,FALSE) | L693: =+VLOOKUP($A693,MAGAZZINO!$B$2:$M$4838,12,FALSE)
A694: =+REGISTRO!A677 | B694: =+VLOOKUP($A694,MAGAZZINO!$B$2:$M$4838,2,FALSE) | C694: =+VLOOKUP($A694,MAGAZZINO!$B$2:$M$4838,3,FALSE) | D694: =+VLOOKUP($A694,MAGAZZINO!$B$2:$M$4838,4,FALSE) | E694: =+VLOOKUP($A694,MAGAZZINO!$B$2:$M$4838,5,FALSE) | F694: =+VLOOKUP($A694,MAGAZZINO!$B$2:$M$4838,6,FALSE) | G694: =+VLOOKUP($A694,MAGAZZINO!$B$2:$M$4838,7,FALSE) | H694: =+VLOOKUP($A694,MAGAZZINO!$B$2:$M$4838,8,FALSE) | I694: =+VLOOKUP($A694,MAGAZZINO!$B$2:$M$4838,9,FALSE) | J694: =+VLOOKUP($A694,MAGAZZINO!$B$2:$M$4838,10,FALSE) | K694: =+VLOOKUP($A694,MAGAZZINO!$B$2:$M$4838,11,FALSE) | L694: =+VLOOKUP($A694,MAGAZZINO!$B$2:$M$4838,12,FALSE)
A695: =+REGISTRO!#REF! | B695: =+VLOOKUP($A695,MAGAZZINO!$B$2:$M$4838,2,FALSE) | C695: =+VLOOKUP($A695,MAGAZZINO!$B$2:$M$4838,3,FALSE) | D695: =+VLOOKUP($A695,MAGAZZINO!$B$2:$M$4838,4,FALSE) | E695: =+VLOOKUP($A695,MAGAZZINO!$B$2:$M$4838,5,FALSE) | F695: =+VLOOKUP($A695,MAGAZZINO!$B$2:$M$4838,6,FALSE) | G695: =+VLOOKUP($A695,MAGAZZINO!$B$2:$M$4838,7,FALSE) | H695: =+VLOOKUP($A695,MAGAZZINO!$B$2:$M$4838,8,FALSE) | I695: =+VLOOKUP($A695,MAGAZZINO!$B$2:$M$4838,9,FALSE) | J695: =+VLOOKUP($A695,MAGAZZINO!$B$2:$M$4838,10,FALSE) | K695: =+VLOOKUP($A695,MAGAZZINO!$B$2:$M$4838,11,FALSE) | L695: =+VLOOKUP($A695,MAGAZZINO!$B$2:$M$4838,12,FALSE)
A696: =+REGISTRO!#REF! | B696: =+VLOOKUP($A696,MAGAZZINO!$B$2:$M$4838,2,FALSE) | C696: =+VLOOKUP($A696,MAGAZZINO!$B$2:$M$4838,3,FALSE) | D696: =+VLOOKUP($A696,MAGAZZINO!$B$2:$M$4838,4,FALSE) | E696: =+VLOOKUP($A696,MAGAZZINO!$B$2:$M$4838,5,FALSE) | F696: =+VLOOKUP($A696,MAGAZZINO!$B$2:$M$4838,6,FALSE) | G696: =+VLOOKUP($A696,MAGAZZINO!$B$2:$M$4838,7,FALSE) | H696: =+VLOOKUP($A696,MAGAZZINO!$B$2:$M$4838,8,FALSE) | I696: =+VLOOKUP($A696,MAGAZZINO!$B$2:$M$4838,9,FALSE) | J696: =+VLOOKUP($A696,MAGAZZINO!$B$2:$M$4838,10,FALSE) | K696: =+VLOOKUP($A696,MAGAZZINO!$B$2:$M$4838,11,FALSE) | L696: =+VLOOKUP($A696,MAGAZZINO!$B$2:$M$4838,12,FALSE)
A697: =+REGISTRO!#REF! | B697: =+VLOOKUP($A697,MAGAZZINO!$B$2:$M$4838,2,FALSE) | C697: =+VLOOKUP($A697,MAGAZZINO!$B$2:$M$4838,3,FALSE) | D697: =+VLOOKUP($A697,MAGAZZINO!$B$2:$M$4838,4,FALSE) | E697: =+VLOOKUP($A697,MAGAZZINO!$B$2:$M$4838,5,FALSE) | F697: =+VLOOKUP($A697,MAGAZZINO!$B$2:$M$4838,6,FALSE) | G697: =+VLOOKUP($A697,MAGAZZINO!$B$2:$M$4838,7,FALSE) | H697: =+VLOOKUP($A697,MAGAZZINO!$B$2:$M$4838,8,FALSE) | I697: =+VLOOKUP($A697,MAGAZZINO!$B$2:$M$4838,9,FALSE) | J697: =+VLOOKUP($A697,MAGAZZINO!$B$2:$M$4838,10,FALSE) | K697: =+VLOOKUP($A697,MAGAZZINO!$B$2:$M$4838,11,FALSE) | L697: =+VLOOKUP($A697,MAGAZZINO!$B$2:$M$4838,12,FALSE)
A698: =+REGISTRO!#REF! | B698: =+VLOOKUP($A698,MAGAZZINO!$B$2:$M$4838,2,FALSE) | C698: =+VLOOKUP($A698,MAGAZZINO!$B$2:$M$4838,3,FALSE) | D698: =+VLOOKUP($A698,MAGAZZINO!$B$2:$M$4838,4,FALSE) | E698: =+VLOOKUP($A698,MAGAZZINO!$B$2:$M$4838,5,FALSE) | F698: =+VLOOKUP($A698,MAGAZZINO!$B$2:$M$4838,6,FALSE) | G698: =+VLOOKUP($A698,MAGAZZINO!$B$2:$M$4838,7,FALSE) | H698: =+VLOOKUP($A698,MAGAZZINO!$B$2:$M$4838,8,FALSE) | I698: =+VLOOKUP($A698,MAGAZZINO!$B$2:$M$4838,9,FALSE) | J698: =+VLOOKUP($A698,MAGAZZINO!$B$2:$M$4838,10,FALSE) | K698: =+VLOOKUP($A698,MAGAZZINO!$B$2:$M$4838,11,FALSE) | L698: =+VLOOKUP($A698,MAGAZZINO!$B$2:$M$4838,12,FALSE)
A699: =+REGISTRO!A682 | B699: =+VLOOKUP($A699,MAGAZZINO!$B$2:$M$4838,2,FALSE) | C699: =+VLOOKUP($A699,MAGAZZINO!$B$2:$M$4838,3,FALSE) | D699: =+VLOOKUP($A699,MAGAZZINO!$B$2:$M$4838,4,FALSE) | E699: =+VLOOKUP($A699,MAGAZZINO!$B$2:$M$4838,5,FALSE) | F699: =+VLOOKUP($A699,MAGAZZINO!$B$2:$M$4838,6,FALSE) | G699: =+VLOOKUP($A699,MAGAZZINO!$B$2:$M$4838,7,FALSE) | H699: =+VLOOKUP($A699,MAGAZZINO!$B$2:$M$4838,8,FALSE) | I699: =+VLOOKUP($A699,MAGAZZINO!$B$2:$M$4838,9,FALSE) | J699: =+VLOOKUP($A699,MAGAZZINO!$B$2:$M$4838,10,FALSE) | K699: =+VLOOKUP($A699,MAGAZZINO!$B$2:$M$4838,11,FALSE) | L699: =+VLOOKUP($A699,MAGAZZINO!$B$2:$M$4838,12,FALSE)
A700: =+REGISTRO!A683 | B700: =+VLOOKUP($A700,MAGAZZINO!$B$2:$M$4838,2,FALSE) | C700: =+VLOOKUP($A700,MAGAZZINO!$B$2:$M$4838,3,FALSE) | D700: =+VLOOKUP($A700,MAGAZZINO!$B$2:$M$4838,4,FALSE) | E700: =+VLOOKUP($A700,MAGAZZINO!$B$2:$M$4838,5,FALSE) | F700: =+VLOOKUP($A700,MAGAZZINO!$B$2:$M$4838,6,FALSE) | G700: =+VLOOKUP($A700,MAGAZZINO!$B$2:$M$4838,7,FALSE) | H700: =+VLOOKUP($A700,MAGAZZINO!$B$2:$M$4838,8,FALSE) | I700: =+VLOOKUP($A700,MAGAZZINO!$B$2:$M$4838,9,FALSE) | J700: =+VLOOKUP($A700,MAGAZZINO!$B$2:$M$4838,10,FALSE) | K700: =+VLOOKUP($A700,MAGAZZINO!$B$2:$M$4838,11,FALSE) | L700: =+VLOOKUP($A700,MAGAZZINO!$B$2:$M$4838,12,FALSE)
A701: =+REGISTRO!A684 | B701: =+VLOOKUP($A701,MAGAZZINO!$B$2:$M$4838,2,FALSE) | C701: =+VLOOKUP($A701,MAGAZZINO!$B$2:$M$4838,3,FALSE) | D701: =+VLOOKUP($A701,MAGAZZINO!$B$2:$M$4838,4,FALSE) | E701: =+VLOOKUP($A701,MAGAZZINO!$B$2:$M$4838,5,FALSE) | F701: =+VLOOKUP($A701,MAGAZZINO!$B$2:$M$4838,6,FALSE) | G701: =+VLOOKUP($A701,MAGAZZINO!$B$2:$M$4838,7,FALSE) | H701: =+VLOOKUP($A701,MAGAZZINO!$B$2:$M$4838,8,FALSE) | I701: =+VLOOKUP($A701,MAGAZZINO!$B$2:$M$4838,9,FALSE) | J701: =+VLOOKUP($A701,MAGAZZINO!$B$2:$M$4838,10,FALSE) | K701: =+VLOOKUP($A701,MAGAZZINO!$B$2:$M$4838,11,FALSE) | L701: =+VLOOKUP($A701,MAGAZZINO!$B$2:$M$4838,12,FALSE)
A702: =+REGISTRO!A685 | B702: =+VLOOKUP($A702,MAGAZZINO!$B$2:$M$4838,2,FALSE) | C702: =+VLOOKUP($A702,MAGAZZINO!$B$2:$M$4838,3,FALSE) | D702: =+VLOOKUP($A702,MAGAZZINO!$B$2:$M$4838,4,FALSE) | E702: =+VLOOKUP($A702,MAGAZZINO!$B$2:$M$4838,5,FALSE) | F702: =+VLOOKUP($A702,MAGAZZINO!$B$2:$M$4838,6,FALSE) | G702: =+VLOOKUP($A702,MAGAZZINO!$B$2:$M$4838,7,FALSE) | H702: =+VLOOKUP($A702,MAGAZZINO!$B$2:$M$4838,8,FALSE) | I702: =+VLOOKUP($A702,MAGAZZINO!$B$2:$M$4838,9,FALSE) | J702: =+VLOOKUP($A702,MAGAZZINO!$B$2:$M$4838,10,FALSE) | K702: =+VLOOKUP($A702,MAGAZZINO!$B$2:$M$4838,11,FALSE) | L702: =+VLOOKUP($A702,MAGAZZINO!$B$2:$M$4838,12,FALSE)
A703: =+REGISTRO!A686 | B703: =+VLOOKUP($A703,MAGAZZINO!$B$2:$M$4838,2,FALSE) | C703: =+VLOOKUP($A703,MAGAZZINO!$B$2:$M$4838,3,FALSE) | D703: =+VLOOKUP($A703,MAGAZZINO!$B$2:$M$4838,4,FALSE) | E703: =+VLOOKUP($A703,MAGAZZINO!$B$2:$M$4838,5,FALSE) | F703: =+VLOOKUP($A703,MAGAZZINO!$B$2:$M$4838,6,FALSE) | G703: =+VLOOKUP($A703,MAGAZZINO!$B$2:$M$4838,7,FALSE) | H703: =+VLOOKUP($A703,MAGAZZINO!$B$2:$M$4838,8,FALSE) | I703: =+VLOOKUP($A703,MAGAZZINO!$B$2:$M$4838,9,FALSE) | J703: =+VLOOKUP($A703,MAGAZZINO!$B$2:$M$4838,10,FALSE) | K703: =+VLOOKUP($A703,MAGAZZINO!$B$2:$M$4838,11,FALSE) | L703: =+VLOOKUP($A703,MAGAZZINO!$B$2:$M$4838,12,FALSE)
A704: =+REGISTRO!A687 | B704: =+VLOOKUP($A704,MAGAZZINO!$B$2:$M$4838,2,FALSE) | C704: =+VLOOKUP($A704,MAGAZZINO!$B$2:$M$4838,3,FALSE) | D704: =+VLOOKUP($A704,MAGAZZINO!$B$2:$M$4838,4,FALSE) | E704: =+VLOOKUP($A704,MAGAZZINO!$B$2:$M$4838,5,FALSE) | F704: =+VLOOKUP($A704,MAGAZZINO!$B$2:$M$4838,6,FALSE) | G704: =+VLOOKUP($A704,MAGAZZINO!$B$2:$M$4838,7,FALSE) | H704: =+VLOOKUP($A704,MAGAZZINO!$B$2:$M$4838,8,FALSE) | I704: =+VLOOKUP($A704,MAGAZZINO!$B$2:$M$4838,9,FALSE) | J704: =+VLOOKUP($A704,MAGAZZINO!$B$2:$M$4838,10,FALSE) | K704: =+VLOOKUP($A704,MAGAZZINO!$B$2:$M$4838,11,FALSE) | L704: =+VLOOKUP($A704,MAGAZZINO!$B$2:$M$4838,12,FALSE)
A705: =+REGISTRO!A688 | B705: =+VLOOKUP($A705,MAGAZZINO!$B$2:$M$4838,2,FALSE) | C705: =+VLOOKUP($A705,MAGAZZINO!$B$2:$M$4838,3,FALSE) | D705: =+VLOOKUP($A705,MAGAZZINO!$B$2:$M$4838,4,FALSE) | E705: =+VLOOKUP($A705,MAGAZZINO!$B$2:$M$4838,5,FALSE) | F705: =+VLOOKUP($A705,MAGAZZINO!$B$2:$M$4838,6,FALSE) | G705: =+VLOOKUP($A705,MAGAZZINO!$B$2:$M$4838,7,FALSE) | H705: =+VLOOKUP($A705,MAGAZZINO!$B$2:$M$4838,8,FALSE) | I705: =+VLOOKUP($A705,MAGAZZINO!$B$2:$M$4838,9,FALSE) | J705: =+VLOOKUP($A705,MAGAZZINO!$B$2:$M$4838,10,FALSE) | K705: =+VLOOKUP($A705,MAGAZZINO!$B$2:$M$4838,11,FALSE) | L705: =+VLOOKUP($A705,MAGAZZINO!$B$2:$M$4838,12,FALSE)
A706: =+REGISTRO!A689 | B706: =+VLOOKUP($A706,MAGAZZINO!$B$2:$M$4838,2,FALSE) | C706: =+VLOOKUP($A706,MAGAZZINO!$B$2:$M$4838,3,FALSE) | D706: =+VLOOKUP($A706,MAGAZZINO!$B$2:$M$4838,4,FALSE) | E706: =+VLOOKUP($A706,MAGAZZINO!$B$2:$M$4838,5,FALSE) | F706: =+VLOOKUP($A706,MAGAZZINO!$B$2:$M$4838,6,FALSE) | G706: =+VLOOKUP($A706,MAGAZZINO!$B$2:$M$4838,7,FALSE) | H706: =+VLOOKUP($A706,MAGAZZINO!$B$2:$M$4838,8,FALSE) | I706: =+VLOOKUP($A706,MAGAZZINO!$B$2:$M$4838,9,FALSE) | J706: =+VLOOKUP($A706,MAGAZZINO!$B$2:$M$4838,10,FALSE) | K706: =+VLOOKUP($A706,MAGAZZINO!$B$2:$M$4838,11,FALSE) | L706: =+VLOOKUP($A706,MAGAZZINO!$B$2:$M$4838,12,FALSE)
A707: =+REGISTRO!A690 | B707: =+VLOOKUP($A707,MAGAZZINO!$B$2:$M$4838,2,FALSE) | C707: =+VLOOKUP($A707,MAGAZZINO!$B$2:$M$4838,3,FALSE) | D707: =+VLOOKUP($A707,MAGAZZINO!$B$2:$M$4838,4,FALSE) | E707: =+VLOOKUP($A707,MAGAZZINO!$B$2:$M$4838,5,FALSE) | F707: =+VLOOKUP($A707,MAGAZZINO!$B$2:$M$4838,6,FALSE) | G707: =+VLOOKUP($A707,MAGAZZINO!$B$2:$M$4838,7,FALSE) | H707: =+VLOOKUP($A707,MAGAZZINO!$B$2:$M$4838,8,FALSE) | I707: =+VLOOKUP($A707,MAGAZZINO!$B$2:$M$4838,9,FALSE) | J707: =+VLOOKUP($A707,MAGAZZINO!$B$2:$M$4838,10,FALSE) | K707: =+VLOOKUP($A707,MAGAZZINO!$B$2:$M$4838,11,FALSE) | L707: =+VLOOKUP($A707,MAGAZZINO!$B$2:$M$4838,12,FALSE)
A708: =+REGISTRO!A691 | B708: =+VLOOKUP($A708,MAGAZZINO!$B$2:$M$4838,2,FALSE) | C708: =+VLOOKUP($A708,MAGAZZINO!$B$2:$M$4838,3,FALSE) | D708: =+VLOOKUP($A708,MAGAZZINO!$B$2:$M$4838,4,FALSE) | E708: =+VLOOKUP($A708,MAGAZZINO!$B$2:$M$4838,5,FALSE) | F708: =+VLOOKUP($A708,MAGAZZINO!$B$2:$M$4838,6,FALSE) | G708: =+VLOOKUP($A708,MAGAZZINO!$B$2:$M$4838,7,FALSE) | H708: =+VLOOKUP($A708,MAGAZZINO!$B$2:$M$4838,8,FALSE) | I708: =+VLOOKUP($A708,MAGAZZINO!$B$2:$M$4838,9,FALSE) | J708: =+VLOOKUP($A708,MAGAZZINO!$B$2:$M$4838,10,FALSE) | K708: =+VLOOKUP($A708,MAGAZZINO!$B$2:$M$4838,11,FALSE) | L708: =+VLOOKUP($A708,MAGAZZINO!$B$2:$M$4838,12,FALSE)
A709: =+REGISTRO!A692 | B709: =+VLOOKUP($A709,MAGAZZINO!$B$2:$M$4838,2,FALSE) | C709: =+VLOOKUP($A709,MAGAZZINO!$B$2:$M$4838,3,FALSE) | D709: =+VLOOKUP($A709,MAGAZZINO!$B$2:$M$4838,4,FALSE) | E709: =+VLOOKUP($A709,MAGAZZINO!$B$2:$M$4838,5,FALSE) | F709: =+VLOOKUP($A709,MAGAZZINO!$B$2:$M$4838,6,FALSE) | G709: =+VLOOKUP($A709,MAGAZZINO!$B$2:$M$4838,7,FALSE) | H709: =+VLOOKUP($A709,MAGAZZINO!$B$2:$M$4838,8,FALSE) | I709: =+VLOOKUP($A709,MAGAZZINO!$B$2:$M$4838,9,FALSE) | J709: =+VLOOKUP($A709,MAGAZZINO!$B$2:$M$4838,10,FALSE) | K709: =+VLOOKUP($A709,MAGAZZINO!$B$2:$M$4838,11,FALSE) | L709: =+VLOOKUP($A709,MAGAZZINO!$B$2:$M$4838,12,FALSE)
A710: =+REGISTRO!A693 | B710: =+VLOOKUP($A710,MAGAZZINO!$B$2:$M$4838,2,FALSE) | C710: =+VLOOKUP($A710,MAGAZZINO!$B$2:$M$4838,3,FALSE) | D710: =+VLOOKUP($A710,MAGAZZINO!$B$2:$M$4838,4,FALSE) | E710: =+VLOOKUP($A710,MAGAZZINO!$B$2:$M$4838,5,FALSE) | F710: =+VLOOKUP($A710,MAGAZZINO!$B$2:$M$4838,6,FALSE) | G710: =+VLOOKUP($A710,MAGAZZINO!$B$2:$M$4838,7,FALSE) | H710: =+VLOOKUP($A710,MAGAZZINO!$B$2:$M$4838,8,FALSE) | I710: =+VLOOKUP($A710,MAGAZZINO!$B$2:$M$4838,9,FALSE) | J710: =+VLOOKUP($A710,MAGAZZINO!$B$2:$M$4838,10,FALSE) | K710: =+VLOOKUP($A710,MAGAZZINO!$B$2:$M$4838,11,FALSE) | L710: =+VLOOKUP($A710,MAGAZZINO!$B$2:$M$4838,12,FALSE)
... A2333: =+REGISTRO!A2316 | B2333: =+VLOOKUP($A2333,MAGAZZINO!$B$2:$M$4838,2,FALSE) | C2333: =+VLOOKUP($A2333,MAGAZZINO!$B$2:$M$4838,3,FALSE) | D2333: =+VLOOKUP($A2333,MAGAZZINO!$B$2:$M$4838,4,FALSE) | E2333: =+VLOOKUP($A2333,MAGAZZINO!$B$2:$M$4838,5,FALSE) | F2333: =+VLOOKUP($A2333,MAGAZZINO!$B$2:$M$4838,6,FALSE) | G2333: =+VLOOKUP($A2333,MAGAZZINO!$B$2:$M$4838,7,FALSE) | H2333: =+VLOOKUP($A2333,MAGAZZINO!$B$2:$M$4838,8,FALSE) | I2333: =+VLOOKUP($A2333,MAGAZZINO!$B$2:$M$4838,9,FALSE) | J2333: =+VLOOKUP($A2333,MAGAZZINO!$B$2:$M$4838,10,FALSE) | K2333: =+VLOOKUP($A2333,MAGAZZINO!$B$2:$M$4838,11,FALSE) | L2333: =+VLOOKUP($A2333,MAGAZZINO!$B$2:$M$4838,12,FALSE)
L2340: =+SUM(L2:L2339)
